-- Adminer 4.8.1 MySQL 5.5.5-10.8.3-MariaDB-1:10.8.3+maria~jammy dump

SET NAMES utf8;
SET time_zone = '+00:00';
SET foreign_key_checks = 0;
SET sql_mode = 'NO_AUTO_VALUE_ON_ZERO';

SET NAMES utf8mb4;

DROP DATABASE IF EXISTS `blog`;
CREATE DATABASE `blog` /*!40100 DEFAULT CHARACTER SET utf8mb4 */;
USE `blog`;

DROP TABLE IF EXISTS `blog_article`;
CREATE TABLE `blog_article` (
  `id` int(10) unsigned NOT NULL AUTO_INCREMENT,
  `title` varchar(100) NOT NULL DEFAULT '''''' COMMENT '文章标题',
  `desc` varchar(255) NOT NULL DEFAULT '''''' COMMENT '文章简述',
  `cover_image_url` varchar(255) NOT NULL DEFAULT '''''' COMMENT '封面图片地址',
  `content` longtext NOT NULL COMMENT '文章内容',
  `state` tinyint(1) unsigned NOT NULL DEFAULT 1 COMMENT '状态0为禁用，1为启用',
  `created_at` int(10) unsigned NOT NULL DEFAULT 0 COMMENT '创建时间',
  `created_by` varchar(100) NOT NULL DEFAULT '' COMMENT '创建人',
  `updated_at` int(10) unsigned NOT NULL DEFAULT 0 COMMENT '修改时间',
  `updated_by` varchar(100) NOT NULL DEFAULT '' COMMENT '修改人',
  `deleted_at` int(10) unsigned NOT NULL DEFAULT 0 COMMENT '删除时间',
  `is_del` tinyint(3) unsigned NOT NULL DEFAULT 0 COMMENT '是否已删除 0 为未删除、1 为已删除',
  PRIMARY KEY (`id`)
) ENGINE=InnoDB DEFAULT CHARSET=utf8mb4 COMMENT='文章管理';



DROP TABLE IF EXISTS `blog_article_tag`;
CREATE TABLE `blog_article_tag` (
  `id` int(10) unsigned NOT NULL AUTO_INCREMENT,
  `article_id` int(10) unsigned NOT NULL COMMENT '文章ID',
  `tag_id` int(10) unsigned NOT NULL DEFAULT 0 COMMENT '标签ID',
  `created_at` int(10) unsigned NOT NULL DEFAULT 0 COMMENT '创建时间',
  `created_by` varchar(100) NOT NULL DEFAULT '' COMMENT '创建人',
  `updated_at` int(10) unsigned NOT NULL DEFAULT 0 COMMENT '修改时间',
  `updated_by` varchar(100) NOT NULL DEFAULT '' COMMENT '修改人',
  `deleted_at` int(10) unsigned NOT NULL DEFAULT 0 COMMENT '删除时间',
  `is_del` tinyint(3) unsigned NOT NULL DEFAULT 0 COMMENT '是否已删除 0 为未删除、1 为已删除',
  PRIMARY KEY (`id`),
  KEY `article_id` (`article_id`),
  KEY `tag_id` (`tag_id`),
  CONSTRAINT `blog_article_tag_ibfk_1` FOREIGN KEY (`article_id`) REFERENCES `blog_article` (`id`) ON DELETE CASCADE ON UPDATE CASCADE,
  CONSTRAINT `blog_article_tag_ibfk_2` FOREIGN KEY (`tag_id`) REFERENCES `blog_tag` (`id`) ON DELETE CASCADE ON UPDATE CASCADE
) ENGINE=InnoDB DEFAULT CHARSET=utf8mb4 COMMENT='文章标签关联';



DROP TABLE IF EXISTS `blog_auth`;
CREATE TABLE `blog_auth` (
  `id` int(10) unsigned NOT NULL AUTO_INCREMENT,
  `app_key` varchar(20) NOT NULL DEFAULT '' COMMENT 'Key',
  `app_secret` varchar(50) NOT NULL DEFAULT '' COMMENT 'Secret',
  `created_at` int(10) unsigned NOT NULL DEFAULT 0 COMMENT '创建时间',
  `created_by` varchar(100) NOT NULL DEFAULT '' COMMENT '创建人',
  `updated_at` int(10) unsigned NOT NULL DEFAULT 0 COMMENT '修改时间',
  `updated_by` varchar(100) NOT NULL DEFAULT '' COMMENT '修改人',
  `deleted_at` int(10) unsigned NOT NULL DEFAULT 0 COMMENT '删除时间',
  `is_del` tinyint(3) unsigned NOT NULL DEFAULT 0 COMMENT '是否已删除 0 为未删除、1 为已删除',
  PRIMARY KEY (`id`)
) ENGINE=InnoDB DEFAULT CHARSET=utf8mb4 COMMENT='认证管理';


DROP TABLE IF EXISTS `blog_tag`;
CREATE TABLE `blog_tag` (
  `id` int(10) unsigned NOT NULL AUTO_INCREMENT,
  `name` varchar(100) NOT NULL DEFAULT '' COMMENT '标签名称',
  `state` tinyint(1) unsigned NOT NULL DEFAULT 1 COMMENT '状态0为禁用，1为启用',
  `created_at` int(10) unsigned NOT NULL DEFAULT 0 COMMENT '创建时间',
  `created_by` varchar(100) NOT NULL DEFAULT '' COMMENT '创建人',
  `updated_at` int(10) unsigned NOT NULL DEFAULT 0 COMMENT '修改时间',
  `updated_by` varchar(100) NOT NULL DEFAULT '' COMMENT '修改人',
  `deleted_at` int(10) unsigned NOT NULL DEFAULT 0 COMMENT '删除时间',
  `is_del` tinyint(3) unsigned NOT NULL DEFAULT 0 COMMENT '是否已删除 0 为未删除、1 为已删除',
  PRIMARY KEY (`id`)
) ENGINE=InnoDB DEFAULT CHARSET=utf8mb4 COMMENT='标签管理';

INSERT INTO `blog_article` (`id`, `title`, `desc`, `cover_image_url`, `content`, `state`, `created_at`, `created_by`, `updated_at`, `updated_by`, `deleted_at`, `is_del`) VALUES (1, 'Crab took the least idea what Latitude or Longitude either, but thought they were filled with.', 'I am to see what was the Duchess\'s voice died away, even in the house, and wondering what to beautify is, I suppose?\' \'Yes,\' said Alice sadly. \'Hand it over afterwards, it occurred to her great disappointment it was very nearly carried it off. \'If.', 'http://oconner.net/', 'Illo quidem incidunt nulla tempore. Est aut fuga sed et sed error. Et excepturi iure et qui harum nisi et. Doloribus quas ut quam dolorum doloremque omnis eos. Quisquam qui soluta nostrum aperiam. Et et minima veritatis ab voluptatem repellendus. Et perferendis placeat delectus officia. Sunt corporis sit veritatis sequi qui qui deleniti. Sit voluptatum quis reprehenderit et facilis aspernatur voluptate. Quia ea quisquam quam dolorem aliquam dicta quis. Aut optio voluptates et est consectetur.', 0, 4249239116, 'Frank Baumbach Jr.', 0, '', 0, 0);
INSERT INTO `blog_article` (`id`, `title`, `desc`, `cover_image_url`, `content`, `state`, `created_at`, `created_by`, `updated_at`, `updated_by`, `deleted_at`, `is_del`) VALUES (2, 'Footman continued in the pool, \'and she sits purring so nicely by the English, who wanted leaders,.', 'March Hare will be the best of educations--in fact, we went to the Hatter. \'Does YOUR watch tell you my history, and you\'ll understand why it is to France-- Then turn not pale, beloved snail, but come and join the dance. So they couldn\'t see it?\' So she.', 'http://glover.com/', 'Aut reprehenderit molestiae earum rerum omnis. Inventore consectetur molestias ipsam qui et est. Accusamus laboriosam aut eaque sit adipisci nobis blanditiis. Nulla nam vel hic non. Praesentium quos quia libero explicabo fuga voluptates. Consequatur sint aliquam laborum ut excepturi voluptatum. Qui facilis et id voluptas harum repellat dolorem. Qui id minima et repellendus cupiditate et. Sit saepe quos qui in deserunt. Officia nam nihil et nesciunt. Aliquid possimus saepe ex veritatis.', 0, 4294967295, 'Prof. Stacy VonRueden', 0, '', 0, 0);
INSERT INTO `blog_article` (`id`, `title`, `desc`, `cover_image_url`, `content`, `state`, `created_at`, `created_by`, `updated_at`, `updated_by`, `deleted_at`, `is_del`) VALUES (3, 'Cat\'s head began fading away the moment how large she had not a mile high,\' said Alice. \'Come,.', 'HE taught us Drawling, Stretching, and Fainting in Coils.\' \'What was that?\' inquired Alice. \'Reeling and Writhing, of course, I meant,\' the King said, for about the whiting!\' \'Oh, as to the seaside once in a great deal to ME,\' said the Duchess: you\'d.', 'http://purdy.org/', 'Voluptate provident nesciunt veniam consequuntur nesciunt mollitia. Nobis quo hic aspernatur doloremque deleniti sit. Dolor corrupti quibusdam ipsum. Aspernatur ut perspiciatis fuga consequuntur sit. Earum eum ab accusantium illum aut enim. Molestiae sint ipsa eveniet aut fugiat quia deserunt. Aut distinctio quia deleniti aliquid. Sint aut nobis reprehenderit cupiditate reiciendis. Expedita id debitis explicabo exercitationem. Illo aspernatur unde sapiente perferendis qui voluptas cum. Doloribus ut quo sunt sunt quibusdam et. Natus perferendis voluptatem nobis praesentium molestiae neque laboriosam. Dolorum sit consequatur dolore impedit blanditiis id dignissimos. Amet eos est adipisci tempore laudantium itaque.', 0, 4294967295, 'Layne Ritchie', 0, '', 0, 0);
INSERT INTO `blog_article` (`id`, `title`, `desc`, `cover_image_url`, `content`, `state`, `created_at`, `created_by`, `updated_at`, `updated_by`, `deleted_at`, `is_del`) VALUES (4, 'Grammar, \'A mouse--of a mouse--to a mouse--a mouse--O mouse!\') The Mouse only shook its head down,.', 'Queen?\' said the Gryphon, the squeaking of the Gryphon, with a growl, And concluded the banquet--] \'What IS the same as they came nearer, Alice could see it quite plainly through the glass, and she hurried out of it, and found quite a conversation of it.', 'http://blockdenesik.info/', 'Fugiat eos facilis dolorem. Sequi repellendus maiores voluptas quis minima repellat. Quis natus velit non alias. Recusandae accusamus aliquam quae enim. Distinctio dolor odio repellendus quae nihil et. Et adipisci nihil cupiditate ut vel voluptatem quos. Dignissimos consectetur possimus quas esse voluptatem aperiam hic. Itaque dolorem unde quidem beatae. Perspiciatis autem et minima quo vitae molestiae aliquam sunt. Dicta libero occaecati nisi illum similique aliquam sed magni. Adipisci nemo aut impedit quis voluptates error tempore sunt. Necessitatibus sequi tenetur aspernatur illo fugit. Et illo consequatur quia voluptate nesciunt est et.', 1, 4294967295, 'Mrs. Reyna Lemke IV', 0, '', 0, 0);
INSERT INTO `blog_article` (`id`, `title`, `desc`, `cover_image_url`, `content`, `state`, `created_at`, `created_by`, `updated_at`, `updated_by`, `deleted_at`, `is_del`) VALUES (5, 'Alice quite hungry to look about her pet: \'Dinah\'s our cat. And she\'s such a new kind of serpent,.', 'INSIDE, you might like to hear her try and say \"Who am I to get through the air! Do you think you\'re changed, do you?\' \'I\'m afraid I can\'t remember,\' said the Dormouse; \'VERY ill.\' Alice tried to curtsey as she could, \'If you please, sir--\' The Rabbit.', 'http://abbottcasper.biz/', 'Mollitia harum sed reprehenderit architecto iste sunt. Odio maiores doloremque enim aut praesentium et. Et quibusdam iusto inventore eum cupiditate doloribus odit. Tempora rerum maxime cupiditate cum officiis sed totam. Assumenda eveniet dolorem et odio. Sed consequatur consequatur similique dolores. Asperiores qui quos est quisquam ex ipsum. Voluptatem magnam perferendis dolor omnis rerum. Veritatis fugiat sint et facere ipsum molestias. Est quasi temporibus perferendis repellendus eos eius sint fuga. Neque est ducimus officia tempora qui. Ab aut qui sequi quia unde repellendus.', 1, 4294967295, 'Liliana Pollich', 0, '', 0, 0);
INSERT INTO `blog_article` (`id`, `title`, `desc`, `cover_image_url`, `content`, `state`, `created_at`, `created_by`, `updated_at`, `updated_by`, `deleted_at`, `is_del`) VALUES (6, 'Gryphon, half to herself, \'I don\'t think it\'s at all for any of them. However, on the ground as.', 'I say again!\' repeated the Pigeon, but in a tone of great surprise. \'Of course not,\' said the Pigeon. \'I\'m NOT a serpent, I tell you, you coward!\' and at last it sat for a little way out of breath, and till the Pigeon the opportunity of saying to.', 'http://www.pollichmarvin.com/', 'In sit delectus illo quas omnis ut. Deserunt voluptatem qui quae dicta dignissimos sequi dolorum. Autem eos tempore est qui. Dolorum ut et placeat dolores repudiandae. Est doloremque et distinctio consequatur qui a sit. Aut cupiditate quibusdam eos qui molestiae at quidem. Illo molestiae incidunt deleniti labore sed iste. Sed et quia doloribus ipsa pariatur impedit esse.', 1, 3806797303, 'Willie Runolfsdottir', 0, '', 0, 0);
INSERT INTO `blog_article` (`id`, `title`, `desc`, `cover_image_url`, `content`, `state`, `created_at`, `created_by`, `updated_at`, `updated_by`, `deleted_at`, `is_del`) VALUES (7, 'I was a little scream, half of fright and half of fright and half of anger, and tried to curtsey.', 'King exclaimed, turning to Alice. \'What sort of thing never happened, and now here I am now? That\'ll be a lesson to you how it was perfectly round, she found herself in a loud, indignant voice, but she knew she had forgotten the Duchess said after a few.', 'http://lynchkling.com/', 'Cum quae incidunt temporibus sit quas tenetur. Quas quaerat consequatur mollitia ut cum voluptatem consequatur. Sit aperiam sit quibusdam similique aliquid voluptas blanditiis. Est atque quo libero voluptatum molestiae animi. Aut necessitatibus magni quod molestias incidunt nostrum harum. Amet sit delectus rerum excepturi. Debitis amet eum consequatur eum quia sunt blanditiis. Et molestias pariatur tempora necessitatibus. Voluptas aut id eum dolores dignissimos recusandae temporibus. Similique est architecto fuga omnis nobis impedit consectetur. Cumque sed enim aut. Inventore quos nemo voluptate et quod.', 0, 4294967295, 'Barry Schaden', 0, '', 0, 0);
INSERT INTO `blog_article` (`id`, `title`, `desc`, `cover_image_url`, `content`, `state`, `created_at`, `created_by`, `updated_at`, `updated_by`, `deleted_at`, `is_del`) VALUES (8, 'Queen: so she went down to nine inches high. CHAPTER VI. Pig and Pepper For a minute or two, they.', 'Bill\'s place for a conversation. Alice replied, so eagerly that the way out of his teacup and bread-and-butter, and went on in the after-time, be herself a grown woman; and how she would gather about her any more if you\'d like it put the Dormouse.', 'http://www.wildermanlabadie.com/', 'Aut veniam enim illo odio molestiae. Ut eos dicta quos pariatur laudantium ea. Et est impedit quo atque et omnis minima. Aperiam numquam alias nihil consequatur deserunt. Cum deleniti dolor corporis aut voluptatum fuga at. Dolores temporibus corporis minus et totam et. Vel corporis beatae laboriosam mollitia mollitia. Iure consectetur facilis vel aut corporis et suscipit aliquam. Quia aut ullam est itaque labore quia et. Excepturi illum corporis dignissimos animi eveniet est vel. Porro a cupiditate et eum aut aspernatur voluptatem placeat. Pariatur labore reprehenderit nihil ad. Vel consequatur fugiat quia aliquam autem aut aut.', 0, 4294967295, 'Prof. Joanie Harvey', 0, '', 0, 0);
INSERT INTO `blog_article` (`id`, `title`, `desc`, `cover_image_url`, `content`, `state`, `created_at`, `created_by`, `updated_at`, `updated_by`, `deleted_at`, `is_del`) VALUES (9, 'I begin, please your Majesty,\' he began. \'You\'re a very humble tone, going down on the other arm.', 'SHE, of course,\' the Dodo could not remember ever having seen such a pleasant temper, and thought it would be like, \'--for they haven\'t got much evidence YET,\' she said aloud. \'I must go by the Queen said to herself, for she was looking down with wonder.', 'http://abshire.com/', 'Numquam voluptas itaque voluptates quos voluptatem ea tempore. Veritatis est cupiditate minus molestiae et sed eveniet. Saepe ratione et odit doloribus qui. Sequi iste omnis repudiandae facere quae dicta assumenda. Quis qui neque accusantium nesciunt eos est animi totam. Velit quibusdam dolorem ut deleniti minus. Qui exercitationem non cupiditate dicta. Officiis perspiciatis fugit cumque officiis. Cumque sunt eos quam aut. Architecto autem nostrum molestias corporis iste. Aut inventore et eligendi sed velit enim rerum. Sed corporis at rerum molestias aliquid voluptatem.', 0, 1593068172, 'Ephraim King', 0, '', 0, 0);
INSERT INTO `blog_article` (`id`, `title`, `desc`, `cover_image_url`, `content`, `state`, `created_at`, `created_by`, `updated_at`, `updated_by`, `deleted_at`, `is_del`) VALUES (10, 'I shall be a book of rules for shutting people up like a stalk out of the goldfish kept running in.', 'Quick, now!\' And Alice was not a moment to be seen--everything seemed to her full size by this time.) \'You\'re nothing but the tops of the house!\' (Which was very provoking to find her in an undertone, \'important--unimportant--unimportant--important--\'.', 'http://www.dach.info/', 'Fuga exercitationem ipsa similique. Enim aliquam perspiciatis atque corrupti consectetur. Nihil recusandae aliquam sed enim. Architecto consectetur est soluta voluptatem est necessitatibus quia. Nulla sint soluta porro vitae architecto. Voluptatem maiores sunt eligendi minus molestiae labore. Nulla rerum laborum tempore nobis quaerat maiores. Non expedita officiis repellat suscipit rem. Recusandae ad alias voluptas aut temporibus cumque. Modi cumque quo et commodi aliquam. A aliquid eos molestiae. Consectetur perspiciatis sapiente hic est aut expedita. Dignissimos non dolorem exercitationem cumque atque.', 1, 4294967295, 'Dr. Mitchel Wisozk', 0, '', 0, 0);
INSERT INTO `blog_article` (`id`, `title`, `desc`, `cover_image_url`, `content`, `state`, `created_at`, `created_by`, `updated_at`, `updated_by`, `deleted_at`, `is_del`) VALUES (11, 'I suppose it were nine o\'clock in the same age as herself, to see anything; then she heard a voice.', 'I should like to hear it say, as it lasted.) \'Then the eleventh day must have been changed for Mabel! I\'ll try if I shall have to ask the question?\' said the Duchess; \'I never saw one, or heard of \"Uglification,\"\' Alice ventured to ask. \'Suppose we.', 'http://www.strosin.com/', 'Laboriosam ea possimus perspiciatis ut at eius non. Facere possimus possimus a harum. Blanditiis sunt aspernatur possimus enim et omnis eum. Minus quisquam eius vitae veritatis nihil. Esse perspiciatis iusto dolor error dolorem pariatur. Fuga numquam numquam doloremque incidunt eveniet officiis incidunt dolore. Consequatur iste omnis porro debitis et voluptatem perferendis. Quis est sint numquam repellendus vel sed necessitatibus eaque. Nesciunt debitis ea alias. Aut non quia optio laudantium maiores odio. Rem qui error nihil ea est hic. Unde nihil voluptates repellat facilis.', 0, 4294967295, 'Margot Turner', 0, '', 0, 0);
INSERT INTO `blog_article` (`id`, `title`, `desc`, `cover_image_url`, `content`, `state`, `created_at`, `created_by`, `updated_at`, `updated_by`, `deleted_at`, `is_del`) VALUES (12, 'I will tell you my history, and you\'ll understand why it is right?\' \'In my youth,\' said his.', 'So she called softly after it, and behind them a railway station.) However, she soon made out what it was: she was beginning to get in at the Hatter, who turned pale and fidgeted. \'Give your evidence,\' the King added in a whisper, half afraid that it.', 'http://www.nienow.biz/', 'Natus mollitia perferendis enim quidem. Quia quam expedita id ullam tenetur. Et dolores fuga quas. Veritatis est dolor quisquam ipsam dolorum quis quae. Consequatur repudiandae eligendi aut. Reprehenderit quasi veritatis a sequi aperiam praesentium labore. Voluptas aut voluptatem laudantium ut placeat natus. Sit explicabo dolor tenetur asperiores magnam dolores aut dolorem. Maxime eveniet cumque qui est veritatis. Libero quos laboriosam voluptatem dolorum sint. Ut et sed nihil architecto accusamus excepturi fugiat.', 1, 4294967295, 'Dr. Nigel Weber II', 0, '', 0, 0);
INSERT INTO `blog_article` (`id`, `title`, `desc`, `cover_image_url`, `content`, `state`, `created_at`, `created_by`, `updated_at`, `updated_by`, `deleted_at`, `is_del`) VALUES (13, 'VERY turn-up nose, much more like a snout than a rat-hole: she knelt down and cried. \'Come,.', 'Queen. An invitation for the next moment a shower of saucepans, plates, and dishes. The Duchess took her choice, and was delighted to find her way into a tidy little room with a pair of boots every Christmas.\' And she tried the little door was shut.', 'http://www.ondrickastoltenberg.com/', 'Deserunt magni aut vel et voluptas. Illo ipsum culpa nam. Ipsa illo deleniti sunt laboriosam dicta iure. Labore unde optio et ad quas et quis. Rerum qui et dolorem nulla. Rerum eligendi aperiam minima. Quis voluptas esse et vitae hic. Aut modi enim eum magnam. Molestias odio optio vitae numquam culpa incidunt error.', 0, 1906348955, 'Zella Bogisich', 0, '', 0, 0);
INSERT INTO `blog_article` (`id`, `title`, `desc`, `cover_image_url`, `content`, `state`, `created_at`, `created_by`, `updated_at`, `updated_by`, `deleted_at`, `is_del`) VALUES (14, 'She ate a little bit, and said to herself \'Suppose it should be free of them with large eyes like.', 'Alice said very politely, feeling quite pleased to find herself still in existence; \'and now for the garden!\' and she tried another question. \'What sort of way, \'Do cats eat bats? Do cats eat bats, I wonder?\' Alice guessed who it was, even before she.', 'http://kozey.net/', 'Voluptas eveniet sit distinctio sint nobis ratione est. Qui ut fugiat voluptatem et distinctio odit. Eveniet voluptatem corrupti dolor architecto qui. Et vel qui quia. Vitae magni quidem praesentium mollitia deserunt tenetur voluptatibus. Ad ipsa totam molestias consequatur rerum est. Aspernatur vitae id et et. Voluptatibus ex eos reiciendis ut nihil. Veniam in sint a ipsa autem aut. Rerum praesentium temporibus aut rerum minima. Quaerat magnam reiciendis tempore nihil aperiam atque nihil.', 1, 4294967295, 'Rashawn Senger', 0, '', 0, 0);
INSERT INTO `blog_article` (`id`, `title`, `desc`, `cover_image_url`, `content`, `state`, `created_at`, `created_by`, `updated_at`, `updated_by`, `deleted_at`, `is_del`) VALUES (15, 'I find a pleasure in all my life!\' She had not as yet had any sense, they\'d take the place where.', 'Queen. An invitation from the change: and Alice could think of any good reason, and as the Lory hastily. \'I thought you did,\' said the White Rabbit. She was walking by the end of every line: \'Speak roughly to your places!\' shouted the Queen. \'I never.', 'http://yundt.com/', 'Debitis voluptas non dolores iste. Quod temporibus cupiditate dolorem numquam voluptatibus esse. Quae quia quos earum aspernatur. Qui beatae officia sed illo repellendus a. Qui asperiores earum dolores repudiandae nam repudiandae autem. Blanditiis quisquam sed temporibus animi tempora eaque. A veniam ducimus culpa ex et et. Suscipit porro commodi alias labore similique. Rerum illum ut modi incidunt ex provident quibusdam. Voluptatibus autem adipisci dolorem fuga est. Rerum qui eum omnis et quisquam aliquid fugit. Et vero aut voluptas quibusdam. Molestiae enim molestiae ex expedita vel nam.', 0, 4294967295, 'Beth Konopelski', 0, '', 0, 0);
INSERT INTO `blog_article` (`id`, `title`, `desc`, `cover_image_url`, `content`, `state`, `created_at`, `created_by`, `updated_at`, `updated_by`, `deleted_at`, `is_del`) VALUES (16, 'ALICE\'S RIGHT FOOT, ESQ. HEARTHRUG, NEAR THE FENDER, (WITH ALICE\'S LOVE). Oh dear, what nonsense.', 'White Rabbit, who said in a low, trembling voice. \'There\'s more evidence to come yet, please your Majesty,\' said Alice to herself, being rather proud of it: for she had put on your head-- Do you think you might catch a bat, and that\'s all I can remember.', 'http://www.jast.biz/', 'Blanditiis possimus eius voluptate. Debitis est quia animi ut tempora ad. Repudiandae quisquam iure nobis laboriosam deleniti cum voluptas. Praesentium sit aliquam vel error rem fuga ullam quisquam. Dolorem saepe incidunt ea sint nisi dicta. Dolores quis ab quos. Voluptas voluptatem sit delectus ipsa aperiam. Impedit eveniet commodi iure autem eos impedit quis. Fugit itaque sint voluptate nam sequi. Aliquid et provident cumque. Sed cumque quasi doloremque mollitia reprehenderit corrupti. Asperiores atque ullam eum voluptatem reiciendis voluptas.', 1, 4294967295, 'Linnea McGlynn', 0, '', 0, 0);
INSERT INTO `blog_article` (`id`, `title`, `desc`, `cover_image_url`, `content`, `state`, `created_at`, `created_by`, `updated_at`, `updated_by`, `deleted_at`, `is_del`) VALUES (17, 'Dormouse into the teapot. \'At any rate I\'ll never go THERE again!\' said Alice loudly. \'The idea of.', 'These were the two creatures got so close to her, one on each side to guard him; and near the King put on her spectacles, and began smoking again. This time Alice waited a little, and then Alice dodged behind a great letter, nearly as she spoke; \'either.', 'http://www.ebert.com/', 'Dolorum ratione dolore totam molestias et. Soluta laudantium enim facere minima similique vitae quo. Exercitationem sequi et vitae sapiente. Dolorem quaerat eveniet soluta quidem nam vel asperiores. Et est distinctio corrupti et ab quia autem dolorum. Necessitatibus officia suscipit laborum laudantium adipisci mollitia voluptas. Tenetur excepturi similique recusandae excepturi aut iusto quia. Soluta dolores dolor consequatur sit molestias porro omnis. Ratione sed illo quia iure iure. Necessitatibus quis autem autem optio.', 0, 2949932455, 'Krystel Terry', 0, '', 0, 0);
INSERT INTO `blog_article` (`id`, `title`, `desc`, `cover_image_url`, `content`, `state`, `created_at`, `created_by`, `updated_at`, `updated_by`, `deleted_at`, `is_del`) VALUES (18, 'At this moment Five, who had been anxiously looking across the garden, where Alice could not swim..', 'Ann, and be turned out of their wits!\' So she set the little thing was snorting like a thunderstorm. \'A fine day, your Majesty!\' the soldiers shouted in reply. \'Please come back and see what would happen next. The first witness was the first day,\' said.', 'http://ziemannkoch.net/', 'Impedit qui laudantium modi vero ullam. Perspiciatis natus molestias fuga odit et itaque architecto. Dolores in qui explicabo commodi explicabo nemo. Perferendis iure sequi commodi ducimus. Non maiores ipsa dolor modi modi qui. Tempore eos pariatur voluptate recusandae. Suscipit molestias itaque sed harum modi. Ut est qui dicta consequatur in quidem.', 1, 4294967295, 'Brooke Anderson', 0, '', 0, 0);
INSERT INTO `blog_article` (`id`, `title`, `desc`, `cover_image_url`, `content`, `state`, `created_at`, `created_by`, `updated_at`, `updated_by`, `deleted_at`, `is_del`) VALUES (19, 'Then the Queen was to get rather sleepy, and went in. The door led right into a small passage, not.', 'The Queen had ordered. They very soon finished it off. \'If everybody minded their own business!\' \'Ah, well! It means much the same year for such a nice soft thing to get in at all?\' said Alice, \'because I\'m not particular as to the Mock Turtle; \'but it.', 'http://dickinson.biz/', 'Quis quasi velit esse quae odio voluptatem. Rem officiis cum explicabo aut fugiat voluptatum consequatur. Quas accusantium sit aliquid suscipit incidunt deleniti. Enim perspiciatis fugit mollitia ipsum. Sapiente et vero est sit labore corporis. Esse quaerat praesentium nisi adipisci. Id sapiente ex laudantium beatae ad. Modi est excepturi minima exercitationem provident dolorem esse. Voluptatem nisi quo eos ad saepe aliquid totam. Maxime est quia voluptas laborum.', 0, 3822388579, 'Prof. Reece Wilderman MD', 0, '', 0, 0);
INSERT INTO `blog_article` (`id`, `title`, `desc`, `cover_image_url`, `content`, `state`, `created_at`, `created_by`, `updated_at`, `updated_by`, `deleted_at`, `is_del`) VALUES (20, 'Alice aloud, addressing nobody in particular. \'She\'d soon fetch it here, lad!--Here, put \'em up at.', 'Alice indignantly. \'Ah! then yours wasn\'t a bit of stick, and tumbled head over heels in its sleep \'Twinkle, twinkle, twinkle, twinkle--\' and went on muttering over the edge of the mushroom, and raised herself to about two feet high: even then she heard.', 'http://ondricka.net/', 'Dolores ea tempore corporis consequatur. Aliquid iusto accusamus sed dolores totam. Quaerat nisi iure nisi consequatur magni. Quam molestiae natus ut adipisci itaque nobis. Optio magni voluptas dicta repudiandae in eius tempora. Expedita totam est quia illum qui vel. Accusamus inventore sit sunt consequatur modi. Autem aut veniam voluptates ut quia.', 1, 1491468669, 'Jay Windler', 0, '', 0, 0);
INSERT INTO `blog_article` (`id`, `title`, `desc`, `cover_image_url`, `content`, `state`, `created_at`, `created_by`, `updated_at`, `updated_by`, `deleted_at`, `is_del`) VALUES (21, 'Alice, thinking it was quite a conversation of it altogether; but after a pause: \'the reason is,.', 'And the muscular strength, which it gave to my jaw, Has lasted the rest were quite silent, and looked into its face in her life, and had to stoop to save her neck would bend about easily in any direction, like a serpent. She had not gone far before they.', 'http://mitchell.com/', 'Excepturi commodi fugiat recusandae ad consequuntur amet rem quos. Dolores omnis nam est nisi. Porro temporibus odio commodi repellat minima eaque. Possimus cum et quaerat quos harum in. Tempore molestiae culpa iste qui iusto. Excepturi iure repellat odio voluptas in explicabo ut. Sed doloribus enim harum delectus numquam. Pariatur nobis voluptatem tenetur sed doloribus exercitationem facilis reiciendis. Ipsa nulla deleniti laboriosam rerum perspiciatis quaerat. Nisi qui dolor et enim magnam eius.', 0, 1040957910, 'Maud Rau', 0, '', 0, 0);
INSERT INTO `blog_article` (`id`, `title`, `desc`, `cover_image_url`, `content`, `state`, `created_at`, `created_by`, `updated_at`, `updated_by`, `deleted_at`, `is_del`) VALUES (22, 'Alice, she went slowly after it: \'I never said I could say if I shall remember it in a low curtain.', 'And here Alice began to repeat it, but her voice sounded hoarse and strange, and the m--\' But here, to Alice\'s side as she went round the neck of the evening, beautiful Soup! \'Beautiful Soup! Who cares for fish, Game, or any other dish? Who would not.', 'http://botsford.com/', 'Perspiciatis aliquam qui aut soluta. Quas ut at accusantium odit maxime consequatur molestiae ab. Molestias autem sed sunt minus. Quia aut et placeat totam aspernatur sunt et nulla. Est est et quo cumque quis minima molestias. Quasi eum magni officiis cumque quas. Provident laborum ad corrupti quibusdam qui nemo impedit. Ea necessitatibus dolores mollitia et eum. Quae consequatur laborum deserunt. Dolorum dignissimos esse ut repellendus exercitationem. Aut sed quae dicta mollitia. Neque et et autem aliquid est debitis enim suscipit. Quibusdam alias harum totam itaque culpa assumenda.', 0, 2445014547, 'Gilberto Wilderman', 0, '', 0, 0);
INSERT INTO `blog_article` (`id`, `title`, `desc`, `cover_image_url`, `content`, `state`, `created_at`, `created_by`, `updated_at`, `updated_by`, `deleted_at`, `is_del`) VALUES (23, 'Dinah, if I chose,\' the Duchess sneezed occasionally; and as for the first figure,\' said the.', 'Miss, we\'re doing our best, afore she comes, to--\' At this moment the door that led into the garden at once; but, alas for poor Alice! when she had read several nice little dog near our house I should think it was,\' the March Hare, \'that \"I breathe when.', 'http://mosciski.com/', 'Unde qui molestias fugit blanditiis optio voluptates. Recusandae repudiandae nisi nostrum aliquam ab pariatur. Sed quaerat et qui voluptatum numquam quo dolorum. Possimus autem at necessitatibus dolorum architecto accusamus. Aut hic autem dolor dolores. Animi molestiae enim veritatis dicta. Eligendi consectetur sed ipsam maiores dolor illum est. Et est culpa tempora eligendi. Neque asperiores vel cupiditate hic. Aspernatur culpa est quo nemo. Dolor sint enim iusto consequuntur. Nisi eaque nam et fugiat.', 1, 4294967295, 'Brett Rosenbaum', 0, '', 0, 0);
INSERT INTO `blog_article` (`id`, `title`, `desc`, `cover_image_url`, `content`, `state`, `created_at`, `created_by`, `updated_at`, `updated_by`, `deleted_at`, `is_del`) VALUES (24, 'Alice; \'I can\'t explain it,\' said Alice, \'I\'ve often seen them so shiny?\' Alice looked at the.', 'Alice had been anxiously looking across the garden, called out in a confused way, \'Prizes! Prizes!\' Alice had begun to dream that she had gone through that day. \'A likely story indeed!\' said the last word two or three pairs of tiny white kid gloves and.', 'http://www.hagenesreynolds.org/', 'Aut magni distinctio molestiae voluptatibus assumenda veritatis quis. Suscipit repudiandae harum eveniet quod. Eaque repellat facere cupiditate debitis repellat. Voluptas ea dolorem non id. Nihil est velit illum. Mollitia repellendus sed perspiciatis. Quia dignissimos eveniet nihil eius voluptates provident exercitationem et. Minus voluptatibus sit corporis consequatur et ea assumenda. Quo ipsum dolor reiciendis recusandae magnam animi placeat. Aut nisi amet at odit occaecati magnam. Magnam qui nulla amet voluptatem recusandae voluptas. Nihil in dolores aut qui delectus. Inventore inventore quam accusantium ut.', 0, 4294967295, 'Maryjane Nicolas', 0, '', 0, 0);
INSERT INTO `blog_article` (`id`, `title`, `desc`, `cover_image_url`, `content`, `state`, `created_at`, `created_by`, `updated_at`, `updated_by`, `deleted_at`, `is_del`) VALUES (25, 'I shan\'t! YOU do it!--That I won\'t, then!--Bill\'s to go down--Here, Bill! the master says you\'re.', 'She stretched herself up closer to Alice\'s great surprise, the Duchess\'s cook. She carried the pepper-box in her brother\'s Latin Grammar, \'A mouse--of a mouse--to a mouse--a mouse--O mouse!\') The Mouse did not venture to go near the house till she shook.', 'http://sporer.com/', 'Eveniet omnis accusamus aliquam nemo tenetur in adipisci. Aut dolorem quas repellendus ex iste. Dicta hic delectus non provident velit officia rerum. Voluptas iusto incidunt nobis officiis. Quod eius nihil ex sed ad tempora culpa. Aut blanditiis maiores voluptas labore quam. Et dolores consequatur beatae ut sit accusamus dolorem expedita. Aspernatur fugiat consequatur et rerum cum asperiores voluptatem. Aut molestias doloremque doloremque voluptas vitae libero vel. Eos sed voluptatum eum voluptatibus pariatur et fugiat. Sint enim alias nulla quisquam voluptatum doloribus at.', 0, 4178840382, 'Dr. Mossie DuBuque V', 0, '', 0, 0);
INSERT INTO `blog_article` (`id`, `title`, `desc`, `cover_image_url`, `content`, `state`, `created_at`, `created_by`, `updated_at`, `updated_by`, `deleted_at`, `is_del`) VALUES (26, 'Gryphon. \'I mean, what makes them so shiny?\' Alice looked round, eager to see its meaning. \'And.', 'Alice had never seen such a very good height indeed!\' said Alice, a little snappishly. \'You\'re enough to get an opportunity of saying to herself \'That\'s quite enough--I hope I shan\'t grow any more--As it is, I suppose?\' \'Yes,\' said Alice, \'I\'ve often.', 'http://cartwrighthyatt.net/', 'Esse at veniam perspiciatis. Dolores nisi repudiandae deserunt quas veniam. Facilis esse inventore earum minus et corrupti. Pariatur est hic provident veniam sit unde. Dolorum nemo corporis vitae et et et expedita amet. Reiciendis blanditiis molestiae omnis et. Voluptatem et quo voluptatem alias odit voluptatem quae. Neque sequi totam beatae itaque dolore. Omnis aut est quasi et dolores. Magni dolor enim error ut quo quia. Odit iure aliquid consequatur omnis adipisci quo. Aperiam autem dolores veniam ut quis enim. Ea harum odit tempore ut optio fugiat. Doloremque error voluptas quia laboriosam iusto distinctio doloremque illo.', 1, 4294967295, 'Leila Bernhard', 0, '', 0, 0);
INSERT INTO `blog_article` (`id`, `title`, `desc`, `cover_image_url`, `content`, `state`, `created_at`, `created_by`, `updated_at`, `updated_by`, `deleted_at`, `is_del`) VALUES (27, 'Alice a good opportunity for making her escape; so she took up the chimney, and said to Alice..', 'Pigeon; \'but if they do, why then they\'re a kind of sob, \'I\'ve tried every way, and the procession moved on, three of the game, the Queen said to live. \'I\'ve seen a rabbit with either a waistcoat-pocket, or a serpent?\' \'It matters a good deal frightened.', 'http://dickinson.com/', 'Rerum dicta consequuntur nam quia nihil in. Vel ut quia sed. Nam consectetur sint culpa voluptas odio. Qui repudiandae est ut. Dicta nesciunt rem rerum quia eum consequatur. Et delectus nulla soluta. Magni fuga natus architecto ullam aut itaque. Autem ut qui veniam. Tempore assumenda sed quia nihil. Neque sunt eligendi ut expedita iusto laudantium dolorem. Adipisci est quisquam quia unde. Velit laboriosam rerum veritatis id ducimus dolorum laudantium. Voluptatem accusantium ad quam nulla modi.', 0, 836543194, 'Dr. Monty Lehner DVM', 0, '', 0, 0);
INSERT INTO `blog_article` (`id`, `title`, `desc`, `cover_image_url`, `content`, `state`, `created_at`, `created_by`, `updated_at`, `updated_by`, `deleted_at`, `is_del`) VALUES (28, 'I!\' said the White Rabbit interrupted: \'UNimportant, your Majesty means, of course,\' the Dodo.', 'Caterpillar\'s making such a curious appearance in the pool rippling to the door, and knocked. \'There\'s no sort of mixed flavour of cherry-tart, custard, pine-apple, roast turkey, toffee, and hot buttered toast,) she very seldom followed it), and handed.', 'http://www.hettingermcglynn.net/', 'Error quos et odio blanditiis sed dolorum assumenda. Similique odit voluptate modi modi blanditiis incidunt. Pariatur facilis aut nulla quia iure est velit. Ipsum cum sit sit culpa delectus. Nobis quaerat natus laudantium non. Quis inventore eaque et est nobis in totam. Rerum libero autem alias omnis. Et est delectus aut hic. Eius aut eum amet dolores a vel consequatur. Dignissimos et est commodi numquam non voluptatem. Cum quia veniam quas non magnam aliquam nam. Totam ipsam doloribus optio. Qui repudiandae aut ut occaecati esse.', 0, 3553092940, 'Kyle Shields Jr.', 0, '', 0, 0);
INSERT INTO `blog_article` (`id`, `title`, `desc`, `cover_image_url`, `content`, `state`, `created_at`, `created_by`, `updated_at`, `updated_by`, `deleted_at`, `is_del`) VALUES (29, 'Alice, \'I\'ve often seen a rabbit with either a waistcoat-pocket, or a serpent?\' \'It matters a good.', 'Cheshire Cat, she was trying to explain it is to France-- Then turn not pale, beloved snail, but come and join the dance? Will you, won\'t you, will you join the dance. Would not, could not, could not, would not, could not, could not, would not, could.', 'http://www.dibbertwill.com/', 'Est expedita et qui omnis dolorem non perferendis est. Aperiam reprehenderit sit autem deleniti debitis a. Id illo non nesciunt doloribus. Voluptatem vero asperiores nam maiores. Dicta eum praesentium in iste nihil et. Explicabo tempore incidunt sit consequatur quo. Facilis consequatur et ad et quae. Sapiente architecto aut iure et. Enim quibusdam praesentium at nisi reiciendis.', 1, 4294967295, 'Gay Harber', 0, '', 0, 0);
INSERT INTO `blog_article` (`id`, `title`, `desc`, `cover_image_url`, `content`, `state`, `created_at`, `created_by`, `updated_at`, `updated_by`, `deleted_at`, `is_del`) VALUES (30, 'March Hare moved into the Dormouse\'s place, and Alice looked all round her at the Queen, \'Really,.', 'WOULD twist itself round and look up in her face, and large eyes full of tears, until there was no use their putting their heads down and make one quite giddy.\' \'All right,\' said the Mock Turtle: \'crumbs would all wash off in the middle. Alice kept her.', 'http://www.pfannerstillkreiger.com/', 'Dignissimos sed maiores reprehenderit et et nulla laboriosam praesentium. Est expedita ut illum perspiciatis aut vel. Nam tempore dignissimos cum sed. Qui est recusandae omnis culpa voluptatem doloribus. Quasi aut sunt optio ea provident sed nesciunt. Qui quo cupiditate cupiditate commodi quo corrupti. Possimus repellat reprehenderit tempore blanditiis. Ut et perspiciatis beatae iusto necessitatibus rem. Velit ut inventore aut illum. Provident incidunt ad sit voluptatem fugit. Ipsam earum dicta saepe omnis exercitationem. Quas repudiandae rerum quas aut dolores. Error dicta voluptatibus distinctio aspernatur accusantium totam iste facere. Perferendis dicta vero in iste.', 0, 4294967295, 'Johnson DuBuque', 0, '', 0, 0);
INSERT INTO `blog_article` (`id`, `title`, `desc`, `cover_image_url`, `content`, `state`, `created_at`, `created_by`, `updated_at`, `updated_by`, `deleted_at`, `is_del`) VALUES (31, 'Dormouse. \'Fourteenth of March, I think that there was room for her. \'I can hardly breathe.\' \'I.', 'The March Hare had just begun to think that there was a body to cut it off from: that he had taken his watch out of sight before the officer could get to the Gryphon. \'Turn a somersault in the common way. So they went up to them she heard a little.', 'http://www.schumm.net/', 'Accusamus beatae dolor aliquid aut consequatur sed sint rerum. Expedita eos ducimus ut tempore. Deserunt repudiandae occaecati sapiente modi qui porro. Aspernatur illum earum possimus quaerat exercitationem similique. Qui aut libero sint ex iure officiis iure. Maxime ut dolorum necessitatibus sit error at. Impedit voluptatem dolor repellendus odit tempore in enim et. A ipsam fuga ut eius. Consequuntur id doloremque non. Est est neque consequatur cum dicta at sed illum. Eos voluptates laudantium ab ut eius fugit.', 0, 4294967295, 'Prof. Magali Lesch DVM', 0, '', 0, 0);
INSERT INTO `blog_article` (`id`, `title`, `desc`, `cover_image_url`, `content`, `state`, `created_at`, `created_by`, `updated_at`, `updated_by`, `deleted_at`, `is_del`) VALUES (32, 'D,\' she added in an encouraging tone. Alice looked up, but it did not like to drop the jar for.', 'Dodo. Then they all cheered. Alice thought she had never left off quarrelling with the Dormouse. \'Don\'t talk nonsense,\' said Alice thoughtfully: \'but then--I shouldn\'t be hungry for it, while the Mouse only shook its head down, and was surprised to find.', 'http://www.emmerich.com/', 'Commodi quasi veniam et fuga rerum ipsam non vero. Aut rerum cumque quo ut. Perferendis voluptate alias reiciendis consequatur. Ipsam deleniti aut esse quia accusantium mollitia inventore. Quae aut qui voluptatem. Aliquam sapiente nostrum sit molestiae aut quia eaque. Ut in maxime aut harum explicabo. Nam voluptatem dolore maiores quisquam sed labore. Enim accusamus magni odio dicta commodi. Porro ducimus nobis velit commodi odio.', 1, 4294967295, 'Prof. Jaiden Quitzon', 0, '', 0, 0);
INSERT INTO `blog_article` (`id`, `title`, `desc`, `cover_image_url`, `content`, `state`, `created_at`, `created_by`, `updated_at`, `updated_by`, `deleted_at`, `is_del`) VALUES (33, 'I am very tired of sitting by her sister kissed her, and said, \'It was the cat.) \'I hope they\'ll.', 'Mock Turtle at last, they must needs come wriggling down from the Gryphon, \'that they WOULD put their heads downward! The Antipathies, I think--\' (she was rather glad there WAS no one to listen to her, still it was good practice to say it out into the.', 'http://www.cruickshankupton.org/', 'Nihil voluptatem non odio odio dicta. Voluptatem autem similique nam minus. In deleniti amet delectus eos nesciunt ab minima. Rerum qui veritatis autem enim. Laboriosam perspiciatis nihil ea rerum at ipsam. Voluptatibus quam ut et molestiae ut illo et. Earum ex magni dignissimos autem minima. Eaque ut cumque qui repellat reiciendis quam sint earum.', 1, 3536055744, 'Prof. Gussie Haley III', 0, '', 0, 0);
INSERT INTO `blog_article` (`id`, `title`, `desc`, `cover_image_url`, `content`, `state`, `created_at`, `created_by`, `updated_at`, `updated_by`, `deleted_at`, `is_del`) VALUES (34, 'PLEASE mind what you\'re doing!\' cried Alice, with a shiver. \'I beg your pardon!\' cried Alice.', 'Alice, \'it would be grand, certainly,\' said Alice desperately: \'he\'s perfectly idiotic!\' And she squeezed herself up and down, and felt quite relieved to see what was coming. It was as much as serpents do, you know.\' He was an old conger-eel, that used.', 'http://www.abernathy.com/', 'Ut et laudantium maiores quis vitae vitae temporibus neque. Sapiente voluptatem fuga commodi qui tempora. Itaque recusandae voluptatum voluptatem est asperiores illo. Illum quidem blanditiis adipisci hic harum facilis eligendi. Tempora cupiditate amet aperiam et dolores. Et distinctio ullam dolorem repellat doloremque. Ipsam sequi voluptas aut voluptate. Ducimus sapiente ullam debitis officia eos tenetur. Quos quia molestias rerum quasi. Non impedit voluptatem corrupti cumque et. Voluptatem fuga non accusantium esse aliquid praesentium. Dolore et non cum laboriosam officia quae voluptatibus voluptas. Quia rem consequatur cupiditate aliquid. Aut aliquam eaque ipsa iusto dolores at commodi expedita.', 0, 355083923, 'Arlene Gutkowski', 0, '', 0, 0);
INSERT INTO `blog_article` (`id`, `title`, `desc`, `cover_image_url`, `content`, `state`, `created_at`, `created_by`, `updated_at`, `updated_by`, `deleted_at`, `is_del`) VALUES (35, 'Footman went on talking: \'Dear, dear! How queer everything is to-day! And yesterday things went on.', 'Mock Turtle a little house in it about four feet high. \'Whoever lives there,\' thought Alice, and she told her sister, who was beginning to write with one eye, How the Owl and the Mock Turtle replied, counting off the mushroom, and crawled away in the.', 'http://ohararosenbaum.com/', 'Itaque placeat aliquid veniam placeat eveniet quo mollitia. Rerum deleniti officiis nam ut distinctio tempora. Sequi voluptatem excepturi et minima. Possimus ratione quos veniam. Ea ipsa dolorem consequatur incidunt odit qui. Maxime quia consequuntur dignissimos neque earum neque eos nihil. Placeat voluptatem et voluptate. Aut vitae in esse perspiciatis consequatur. Autem officiis quas dolorem iusto mollitia. Accusantium cupiditate nesciunt incidunt in ipsum quia blanditiis. Nesciunt esse unde dolorem tenetur. Eos qui fugiat velit voluptate facilis molestiae a distinctio. Quia quae et voluptas et eius.', 1, 4168354724, 'Dax Weber', 0, '', 0, 0);
INSERT INTO `blog_article` (`id`, `title`, `desc`, `cover_image_url`, `content`, `state`, `created_at`, `created_by`, `updated_at`, `updated_by`, `deleted_at`, `is_del`) VALUES (36, 'King said to the other, and making quite a new idea to Alice, \'Have you guessed the riddle yet?\'.', 'Alice very politely; but she added, \'and the moral of that is--\"Be what you would have appeared to them she heard a little now and then, \'we went to school every day--\' \'I\'VE been to a farmer, you know, with oh, such long curly brown hair! And it\'ll.', 'http://grady.com/', 'Alias sed fuga id aliquam. Aspernatur tempore quo perspiciatis provident eius. Illo est quod optio ut deleniti. Dolorem quis et sunt. Deserunt non fugiat maxime cum officiis et. Aut sint odit corporis reprehenderit officia dolorum. Nemo itaque repellendus eius a modi qui.', 0, 846314425, 'Violet Lesch', 0, '', 0, 0);
INSERT INTO `blog_article` (`id`, `title`, `desc`, `cover_image_url`, `content`, `state`, `created_at`, `created_by`, `updated_at`, `updated_by`, `deleted_at`, `is_del`) VALUES (37, 'And she opened it, and then quietly marched off after the others. \'Are their heads off?\' shouted.', 'So Bill\'s got the other--Bill! fetch it back!\' \'And who is Dinah, if I might venture to go nearer till she was saying, and the beak-- Pray how did you ever see such a nice soft thing to nurse--and she\'s such a thing as a lark, And will talk in.', 'http://www.hahn.info/', 'Laboriosam non est porro voluptatem sint voluptatibus. Consequuntur sit adipisci autem aut quis minus. Rerum dolores molestias rem ut maxime eum. Odio error delectus fugit. Voluptas facere vero est harum quos fuga facere. Reprehenderit quas est doloribus ipsam perspiciatis sequi nulla. Minima a est voluptatum.', 0, 4294967295, 'Bernardo Kris', 0, '', 0, 0);
INSERT INTO `blog_article` (`id`, `title`, `desc`, `cover_image_url`, `content`, `state`, `created_at`, `created_by`, `updated_at`, `updated_by`, `deleted_at`, `is_del`) VALUES (38, 'Mouse, who seemed to be a LITTLE larger, sir, if you like,\' said the Caterpillar. \'Well, perhaps.', 'I\'m not looking for it, she found herself at last turned sulky, and would only say, \'I am older than you, and don\'t speak a word till I\'ve finished.\' So they sat down again very sadly and quietly, and looked at them with large round eyes, and feebly.', 'http://www.beattybashirian.com/', 'Voluptatem dolorem veritatis et culpa quis nostrum ea. Et id qui quis consectetur veniam et optio a. Dolorem voluptas iusto sit qui veritatis aut illo. Quas repellat doloribus harum consequatur eos. Porro voluptates voluptatem maxime consequatur enim. Accusantium qui unde animi quo omnis voluptate ea. Dolorem et rem facere dolores. Soluta qui et totam accusamus neque quia. Consectetur est tempore est nulla a fuga. Dolorum quo voluptatem ea est et aperiam sint. Quos laboriosam inventore expedita quia corrupti asperiores. Eum occaecati eius maxime sunt ipsam.', 0, 4294967295, 'Mr. Kenny Bahringer', 0, '', 0, 0);
INSERT INTO `blog_article` (`id`, `title`, `desc`, `cover_image_url`, `content`, `state`, `created_at`, `created_by`, `updated_at`, `updated_by`, `deleted_at`, `is_del`) VALUES (39, 'Let me see: that would be QUITE as much as she heard a little scream of laughter. \'Oh, hush!\' the.', 'Presently she began fancying the sort of mixed flavour of cherry-tart, custard, pine-apple, roast turkey, toffee, and hot buttered toast,) she very soon finished it off. * * * * * * * * CHAPTER II. The Pool of Tears \'Curiouser and curiouser!\' cried.', 'http://www.gerhold.org/', 'Quasi nam tempora id nesciunt et. Magnam non incidunt doloribus minus. Totam quo iste facilis doloribus ea. Ut at alias inventore qui. Eum eligendi quas sed provident cumque. Sed qui cum enim velit. Veniam et expedita sunt veniam aut necessitatibus. Quia eos quo distinctio maiores impedit. Pariatur rerum aut sit omnis ipsam harum eaque. Quia corporis laboriosam dolore. Consequatur quod ullam corporis ut et tempora. Aspernatur cum ut aut tenetur reprehenderit sed. Et quas dolores quos voluptatum occaecati commodi saepe. Dolorum asperiores voluptatem veritatis id blanditiis dolore.', 1, 4294967295, 'Sheila Littel', 0, '', 0, 0);
INSERT INTO `blog_article` (`id`, `title`, `desc`, `cover_image_url`, `content`, `state`, `created_at`, `created_by`, `updated_at`, `updated_by`, `deleted_at`, `is_del`) VALUES (40, 'Mock Turtle recovered his voice, and, with tears running down his brush, and had come back again,.', 'Majesty!\' the soldiers remaining behind to execute the unfortunate gardeners, who ran to Alice to herself, \'Why, they\'re only a pack of cards!\' At this moment Five, who had been running half an hour or so there were any tears. No, there were any tears..', 'http://beier.com/', 'Dolorem enim unde officiis culpa. Vero nihil veniam voluptatum ea quam. Ut quibusdam dicta est voluptatem perspiciatis nihil dolor molestiae. Laboriosam dolor enim tenetur temporibus nam. Aperiam rerum quia dolor tenetur. Sit sed ipsa et deleniti. Consequatur nesciunt quos vel eius perferendis voluptas. Accusantium quas nam quia dignissimos unde. Fugiat nesciunt autem tempora enim. Accusantium voluptatem voluptatem aut rerum aperiam optio at voluptatum. Voluptatem reiciendis ullam nobis reprehenderit saepe explicabo qui.', 1, 4294967295, 'Mr. Reuben Legros', 0, '', 0, 0);
INSERT INTO `blog_article` (`id`, `title`, `desc`, `cover_image_url`, `content`, `state`, `created_at`, `created_by`, `updated_at`, `updated_by`, `deleted_at`, `is_del`) VALUES (41, 'The table was a dispute going on shrinking rapidly: she soon made out the proper way of settling.', 'I THINK,\' said Alice. \'That\'s very important,\' the King repeated angrily, \'or I\'ll have you executed, whether you\'re nervous or not.\' \'I\'m a poor man, your Majesty,\' he began. \'You\'re a very curious thing, and longed to get rather sleepy, and went on:.', 'http://www.franecki.net/', 'Quaerat id et qui qui quisquam minus ea. Rem in possimus ut rem. Ut labore labore esse dolor voluptatem. Quos vero dicta non ex minus. Et ut molestiae dolor. Quibusdam id dolore nulla ex. Sit odio laudantium repudiandae ipsa. Et id et inventore. Consequuntur totam omnis necessitatibus ut delectus. Velit ad aut similique sunt.', 0, 1687987456, 'Efrain Sanford', 0, '', 0, 0);
INSERT INTO `blog_article` (`id`, `title`, `desc`, `cover_image_url`, `content`, `state`, `created_at`, `created_by`, `updated_at`, `updated_by`, `deleted_at`, `is_del`) VALUES (42, 'White Rabbit, who said in a hurry that she had got its neck nicely straightened out, and was going.', 'Hatter trembled so, that Alice could not possibly reach it: she could not even room for YOU, and no more to come, so she went on, \'\"--found it advisable to go on in the middle of her childhood: and how she would gather about her repeating \'YOU ARE OLD,.', 'http://cummerata.org/', 'Totam dolores ipsam distinctio iste rerum ut qui ipsa. Explicabo consequatur unde atque neque ullam repellat quidem. In placeat eum nihil ut quia est. Non tenetur magni non et quo dignissimos dicta. Omnis eum maiores quia molestias et. Impedit voluptatem quia sint autem. Assumenda quis consequatur placeat omnis vitae. Molestias quos doloremque odio itaque et. Commodi et et aliquid non.', 0, 4294967295, 'Eudora Christiansen', 0, '', 0, 0);
INSERT INTO `blog_article` (`id`, `title`, `desc`, `cover_image_url`, `content`, `state`, `created_at`, `created_by`, `updated_at`, `updated_by`, `deleted_at`, `is_del`) VALUES (43, 'The Cat only grinned when it had no idea what Latitude was, or Longitude I\'ve got back to my right.', 'Alice could speak again. In a minute or two sobs choked his voice. \'Same as if she meant to take MORE than nothing.\' \'Nobody asked YOUR opinion,\' said Alice. \'Why, SHE,\' said the Queen, tossing her head made her so savage when they liked, and left foot,.', 'http://kozeyrolfson.com/', 'Enim neque repellendus saepe iste. Qui voluptate sed distinctio natus qui cumque ipsum. Ullam aspernatur ea possimus tenetur veniam sunt. Impedit eveniet eum totam dolor dolorum. Consectetur aut eos sit nulla sed et. Laboriosam debitis autem hic consequuntur officia sit sit. Accusamus totam qui aut ipsa nihil tempora et iure. Qui ducimus officia sed doloribus quisquam quidem dolorem. Voluptatem earum et aut sint possimus dolor. Maxime qui commodi inventore dignissimos voluptas non. Eveniet libero vel autem et est dolorem nam. Nisi nam deleniti dolore similique consequatur voluptatum rerum.', 1, 4294967295, 'Friedrich Leffler', 0, '', 0, 0);
INSERT INTO `blog_article` (`id`, `title`, `desc`, `cover_image_url`, `content`, `state`, `created_at`, `created_by`, `updated_at`, `updated_by`, `deleted_at`, `is_del`) VALUES (44, 'Run home this moment, I tell you!\' But she did not look at it!\' This speech caused a remarkable.', 'And will talk in contemptuous tones of her head made her next remark. \'Then the eleventh day must have a prize herself, you know,\' said Alice, \'and those twelve creatures,\' (she was obliged to have finished,\' said the Caterpillar called after it; and.', 'http://www.grantbarrows.info/', 'Omnis inventore necessitatibus quis quod illo nam. Consectetur inventore nihil asperiores at repudiandae sit. Quia omnis quas in voluptate. Non animi atque iure quod quo est qui. Eos deleniti explicabo quam est. Similique occaecati rem aut. Placeat ut dolorem in minus enim quos exercitationem. Perferendis et at commodi qui quod ea. Ipsa ipsam aut ad. Sit quis sequi aperiam et sunt ea. Modi aliquam porro quam dolor ut dolores laudantium voluptate. Expedita enim nostrum autem sint quis porro voluptate dicta.', 1, 4294967295, 'Magali Stanton', 0, '', 0, 0);
INSERT INTO `blog_article` (`id`, `title`, `desc`, `cover_image_url`, `content`, `state`, `created_at`, `created_by`, `updated_at`, `updated_by`, `deleted_at`, `is_del`) VALUES (45, 'Alice, very loudly and decidedly, and there was no time she\'d have everybody executed, all round..', 'YET,\' she said to herself; \'I should have croqueted the Queen\'s absence, and were quite dry again, the cook tulip-roots instead of the court. \'What do you mean that you think you could only hear whispers now and then said \'The fourth.\' \'Two days wrong!\'.', 'http://www.harvey.com/', 'Architecto veritatis dolor itaque nemo ut laborum eveniet accusantium. Natus quia reprehenderit nemo et. Rerum accusantium voluptatibus voluptas dolorem. Delectus alias sit quo necessitatibus ab et. Consequatur illum impedit eum iste. Sit eaque nostrum asperiores voluptas. Voluptas nihil laudantium qui sed eligendi ratione et. Occaecati maxime iure temporibus dolorum sint. Nihil voluptatem unde minima ab temporibus aut. Sit mollitia iure ea rerum quae. Eos veniam corrupti quo et. Voluptatibus nobis fugiat est dolorem. Numquam explicabo mollitia molestiae sed velit. Quae mollitia nostrum expedita tempora ex. Aut qui et explicabo praesentium doloribus molestiae.', 0, 4294967295, 'Lucy Kris', 0, '', 0, 0);
INSERT INTO `blog_article` (`id`, `title`, `desc`, `cover_image_url`, `content`, `state`, `created_at`, `created_by`, `updated_at`, `updated_by`, `deleted_at`, `is_del`) VALUES (46, 'Imagine her surprise, when the White Rabbit: it was too dark to see that she had not noticed.', 'Alice, \'or perhaps they won\'t walk the way down one side and up the other, and making quite a commotion in the long hall, and close to her: its face in her lessons in the schoolroom, and though this was the Hatter. \'I told you butter wouldn\'t suit the.', 'http://raupadberg.com/', 'Dignissimos molestiae aliquam asperiores. Sunt dicta consequatur expedita dignissimos nesciunt non. Molestiae commodi sed inventore et suscipit magnam. Labore dicta quae aut pariatur adipisci reiciendis eligendi quis. Qui possimus dolores sunt quae animi et. Minima in est ut ut adipisci accusantium. Corrupti nemo aut ut qui. Quia sit assumenda reiciendis deserunt modi et. Praesentium tenetur deserunt aut aut. Vero minus quaerat unde itaque asperiores explicabo hic ad. Voluptas similique consequatur illum voluptate. Qui hic temporibus aut deleniti libero. Tempora delectus hic magni voluptatibus nesciunt dolor consectetur. Autem voluptatem sed beatae.', 1, 4294967295, 'Herminio Jacobi', 0, '', 0, 0);
INSERT INTO `blog_article` (`id`, `title`, `desc`, `cover_image_url`, `content`, `state`, `created_at`, `created_by`, `updated_at`, `updated_by`, `deleted_at`, `is_del`) VALUES (47, 'Presently the Rabbit in a tone of great surprise. \'Of course not,\' said the Queen, turning purple..', 'That your eye was as long as I get it home?\' when it saw mine coming!\' \'How do you want to stay with it as well say,\' added the Queen. \'Well, I should have croqueted the Queen\'s absence, and were resting in the other: he came trotting along in a.', 'http://www.spencer.com/', 'Id quibusdam quae et reprehenderit rerum quia quibusdam repellat. Ducimus dolorem maxime et. Quia ut quam facere placeat. Numquam quam asperiores quia sapiente vero incidunt. Amet consequatur sapiente doloribus quasi incidunt quam. Nesciunt rerum illum quis eos voluptatibus et. Sed est quisquam necessitatibus eaque deleniti qui eaque pariatur. Aut voluptatibus recusandae id amet voluptas quisquam. Quia minus voluptatem voluptatem qui reiciendis quia placeat harum. Tenetur architecto ut a eos. Cupiditate numquam ea esse beatae doloribus sint minima.', 1, 3554295594, 'Melissa Shields', 0, '', 0, 0);
INSERT INTO `blog_article` (`id`, `title`, `desc`, `cover_image_url`, `content`, `state`, `created_at`, `created_by`, `updated_at`, `updated_by`, `deleted_at`, `is_del`) VALUES (48, 'Majesty,\' he began, \'for bringing these in: but I can\'t tell you how the Dodo could not even room.', 'Alice, \'to pretend to be sure, this generally happens when you throw them, and he checked himself suddenly: the others looked round also, and all of you, and listen to her, still it was a little way out of the Gryphon, and the whole place around her.', 'http://www.aufderharstanton.com/', 'Impedit dolorem exercitationem ut sed. Deleniti perferendis qui consequuntur qui. Repellendus quo similique excepturi quae quia reiciendis. Delectus ut et consequuntur veniam unde temporibus. Accusantium non ea omnis ut magnam. Quia rerum possimus nobis beatae. Culpa quo voluptatibus molestiae aperiam dolor dolorum. Sunt minus laborum sed omnis dolor sit. Quia corrupti harum molestias. Est autem itaque modi molestias aliquid autem. Eum nemo maiores qui debitis consequuntur est enim. Illum quibusdam maiores non reiciendis. Enim eos tempore modi non doloremque sunt harum.', 1, 4294967295, 'Ryann Kuhic', 0, '', 0, 0);
INSERT INTO `blog_article` (`id`, `title`, `desc`, `cover_image_url`, `content`, `state`, `created_at`, `created_by`, `updated_at`, `updated_by`, `deleted_at`, `is_del`) VALUES (49, 'Alice did not like the Mock Turtle. \'And how many hours a day is very confusing.\' \'It isn\'t,\' said.', 'The moment Alice appeared, she was coming back to yesterday, because I was going to say,\' said the King, and the reason is--\' here the Mock Turtle replied; \'and then the other, trying every door, she ran with all her life. Indeed, she had put the.', 'http://kunze.com/', 'Soluta aspernatur ut libero omnis. Qui omnis nemo aut laborum suscipit quae debitis maxime. Doloremque tempora illum enim est provident. Eum unde repellat ipsa exercitationem non. Dolore esse voluptatibus et voluptas. Rerum aliquam non est sint et impedit. Commodi exercitationem saepe in sit totam. Vitae repudiandae explicabo voluptas mollitia ullam accusamus. Placeat aliquid ducimus qui ea quae et quas. Eveniet ipsam dolor aperiam et est est. Aspernatur illum aut omnis distinctio est.', 1, 4294967295, 'Maurice Littel', 0, '', 0, 0);
INSERT INTO `blog_article` (`id`, `title`, `desc`, `cover_image_url`, `content`, `state`, `created_at`, `created_by`, `updated_at`, `updated_by`, `deleted_at`, `is_del`) VALUES (50, 'How brave they\'ll all think me at all.\' \'In that case,\' said the Caterpillar sternly. \'Explain.', 'I think?\' \'I had NOT!\' cried the Mouse, getting up and down looking for it, he was gone, and the pattern on their slates, and then a row of lamps hanging from the shock of being such a pleasant temper, and thought it must be collected at once crowded.', 'http://www.pfannerstill.com/', 'Enim voluptate sint sed odio. Nisi natus atque quia ducimus alias ipsum earum. Voluptatem iste non nobis hic soluta rerum expedita dolor. Culpa consequatur vel dolorem distinctio cum nesciunt inventore. Earum qui ut distinctio dolorem. Totam dolores unde enim quis rerum sit. Dolorum quo praesentium minus nobis eos placeat eos. Atque quos tenetur voluptate laudantium. Aperiam ex facere nemo libero quia. Perferendis sit ullam nihil aperiam. Qui ratione aspernatur ipsum nulla.', 0, 4294967295, 'Reta Lind', 0, '', 0, 0);
INSERT INTO `blog_article` (`id`, `title`, `desc`, `cover_image_url`, `content`, `state`, `created_at`, `created_by`, `updated_at`, `updated_by`, `deleted_at`, `is_del`) VALUES (51, 'That\'ll be a grin, and she crossed her hands up to the Queen, who was sitting on the English coast.', 'I must have a prize herself, you know,\' said Alice, \'a great girl like you,\' (she might well say this), \'to go on till you come to the fifth bend, I think?\' he said to Alice; and Alice thought she might find another key on it, (\'which certainly was not.', 'http://leffler.com/', 'Omnis voluptas ullam dolores deleniti voluptas. Neque blanditiis tenetur sed consequuntur et sunt officiis. Velit culpa deserunt sunt sed. Asperiores maxime dignissimos ut dolorem provident voluptas enim odio. Dolores saepe est consectetur sit ab. Itaque vel quasi qui voluptas omnis libero tenetur error. Sunt sit earum dicta iure deleniti aperiam ut. Soluta est quia commodi voluptates dolor rerum vel.', 0, 958105553, 'Dr. Gabe VonRueden Sr.', 0, '', 0, 0);
INSERT INTO `blog_article` (`id`, `title`, `desc`, `cover_image_url`, `content`, `state`, `created_at`, `created_by`, `updated_at`, `updated_by`, `deleted_at`, `is_del`) VALUES (52, 'Soo--oop! Beau--ootiful Soo--oop! Beau--ootiful Soo--oop! Beau--ootiful Soo--oop! Soo--oop of the.', 'Majesty,\' he began, \'for bringing these in: but I don\'t care which happens!\' She ate a little more conversation with her friend. When she got into the air off all its feet at the Caterpillar\'s making such a nice little dog near our house I should.', 'http://www.farrellgleichner.org/', 'Neque vitae ipsum sit aut similique cum velit molestiae. Autem consequatur vel quia sit beatae architecto voluptas. Illo est neque minus repellendus et minus commodi. Voluptatem voluptatem dignissimos accusantium quaerat maxime ea deleniti. Aut laborum dignissimos est ut voluptatum fugit. Sit est inventore et. Eos incidunt sit nemo assumenda voluptate. Nesciunt non iste saepe adipisci.', 0, 4294967295, 'Sally Heathcote', 0, '', 0, 0);
INSERT INTO `blog_article` (`id`, `title`, `desc`, `cover_image_url`, `content`, `state`, `created_at`, `created_by`, `updated_at`, `updated_by`, `deleted_at`, `is_del`) VALUES (53, 'HAVE my shoulders got to? And oh, my poor hands, how is it directed to?\' said the Duchess, as she.', 'Duchess, \'chop off her head!\' about once in the world am I? Ah, THAT\'S the great puzzle!\' And she went on talking: \'Dear, dear! How queer everything is queer to-day.\' Just then she noticed a curious appearance in the window, and one foot to the game..', 'http://www.bergnaum.info/', 'Sapiente porro ad eius aut. Impedit vero vel ipsum. Rerum non velit quasi maiores. Eos ipsa qui autem. Excepturi sit odit dolorem quia dolor ut non. Quaerat nam error nulla consequatur ea laudantium. Sint aut quia tempore distinctio occaecati.', 1, 4294967295, 'Dale Kassulke', 0, '', 0, 0);
INSERT INTO `blog_article` (`id`, `title`, `desc`, `cover_image_url`, `content`, `state`, `created_at`, `created_by`, `updated_at`, `updated_by`, `deleted_at`, `is_del`) VALUES (54, 'Imagine her surprise, when the tide rises and sharks are around, His voice has a timid voice at.', 'Knave of Hearts, he stole those tarts, And took them quite away!\' \'Consider your verdict,\' he said do. Alice looked round, eager to see it written down: but I THINK I can do without lobsters, you know. But do cats eat bats, I wonder?\' And here poor.', 'http://www.dibbertschinner.com/', 'Esse inventore quia expedita at. At repudiandae sapiente harum rerum qui perferendis iusto non. Omnis ut ab sequi et perspiciatis dolorum laudantium. Voluptatem nulla ea voluptatem et tenetur molestiae. Rerum veniam voluptas ea animi quam. Rem quos dolores qui ut ea nisi. Nihil distinctio expedita adipisci magni ea. Repudiandae commodi autem inventore. Fugiat est reiciendis quia sed.', 1, 501038720, 'Marisa Halvorson', 0, '', 0, 0);
INSERT INTO `blog_article` (`id`, `title`, `desc`, `cover_image_url`, `content`, `state`, `created_at`, `created_by`, `updated_at`, `updated_by`, `deleted_at`, `is_del`) VALUES (55, 'I beat him when he finds out who I WAS when I grow at a king,\' said Alice. \'And where HAVE my.', 'An invitation from the trees upon her face. \'Wake up, Dormouse!\' And they pinched it on both sides of it, and talking over its head. \'Very uncomfortable for the Dormouse,\' thought Alice; \'I must be collected at once to eat the comfits: this caused some.', 'http://www.borer.biz/', 'Rerum quia molestiae magni aperiam nesciunt ut reprehenderit. Consequatur et ea vero sunt asperiores. Molestiae occaecati voluptatem alias quia odit. Architecto corrupti libero delectus qui ea. Error aut in id quaerat omnis assumenda quia. Et magnam debitis atque aspernatur voluptas nihil. Aut aliquam odit ut similique. Ut culpa repudiandae aspernatur explicabo aliquid quisquam accusamus. Consequatur earum et neque iste et autem ipsa. Facere saepe vero itaque asperiores exercitationem doloribus explicabo. Quod perferendis veritatis iusto qui ipsum sapiente quae.', 1, 3684742790, 'Yesenia Jacobs IV', 0, '', 0, 0);
INSERT INTO `blog_article` (`id`, `title`, `desc`, `cover_image_url`, `content`, `state`, `created_at`, `created_by`, `updated_at`, `updated_by`, `deleted_at`, `is_del`) VALUES (56, 'Gryphon, \'she wants for to know when the White Rabbit was no more of it in the night? Let me see:.', 'Cat. \'I\'d nearly forgotten to ask.\' \'It turned into a sort of chance of this, so she set to work shaking him and punching him in the long hall, and close to her, still it had a door leading right into it. \'That\'s very curious!\' she thought. \'I must go.', 'http://shieldstoy.com/', 'Natus ipsum magni qui et porro. Facere nihil ut corrupti et quam. Rerum omnis id et sed. Et totam maxime consequuntur ab quibusdam et perferendis. Id quos voluptatum tempore. Sunt omnis velit aperiam ratione sunt sit adipisci. Voluptatem in iste illo sint velit magnam facilis eos. Corporis quo facilis et tempora saepe.', 0, 4294967295, 'Giovanni Stark', 0, '', 0, 0);
INSERT INTO `blog_article` (`id`, `title`, `desc`, `cover_image_url`, `content`, `state`, `created_at`, `created_by`, `updated_at`, `updated_by`, `deleted_at`, `is_del`) VALUES (57, 'Mock Turtle sighed deeply, and began, in a hot tureen! Who for such a nice little histories about.', 'While she was appealed to by all three to settle the question, and they sat down a jar from one foot up the fan and gloves, and, as the door of the baby?\' said the one who got any advantage from the roof. There were doors all round her head. \'If I eat.', 'http://gutmann.info/', 'Dolore nihil amet cumque earum ab. Eligendi et blanditiis provident at provident. Enim sunt numquam nesciunt deleniti dicta ratione aperiam. Adipisci iusto et nisi officiis. Enim ea quae totam ipsa. Id aliquam perferendis nam. Accusantium accusamus blanditiis quis natus. Nihil officiis hic sint consectetur quidem maxime nostrum.', 1, 4294967295, 'Prof. Tito Borer Sr.', 0, '', 0, 0);
INSERT INTO `blog_article` (`id`, `title`, `desc`, `cover_image_url`, `content`, `state`, `created_at`, `created_by`, `updated_at`, `updated_by`, `deleted_at`, `is_del`) VALUES (58, 'At last the Mock Turtle is.\' \'It\'s the first day,\' said the White Rabbit cried out, \'Silence in.', 'Alice, looking down at her feet in a very little! Besides, SHE\'S she, and I\'m sure she\'s the best cat in the beautiful garden, among the trees, a little bird as soon as she could, \'If you do. I\'ll set Dinah at you!\' There was a treacle-well.\' \'There\'s.', 'http://thompson.com/', 'Quaerat mollitia omnis sit quasi dignissimos. Sed tempora blanditiis necessitatibus ut error qui explicabo non. Dolorem aut aut voluptatem corrupti. Tempore cumque sed maxime. Nostrum omnis et nostrum fugit et. Et ipsa earum et et qui veritatis. Sit eos veniam ducimus. Sed nam saepe qui. Ea enim ut est tempore sit ea qui quo. Quod quisquam dicta cupiditate ut. Aperiam minus est non.', 1, 1043823026, 'Zena Metz', 0, '', 0, 0);
INSERT INTO `blog_article` (`id`, `title`, `desc`, `cover_image_url`, `content`, `state`, `created_at`, `created_by`, `updated_at`, `updated_by`, `deleted_at`, `is_del`) VALUES (59, 'VERY nearly at the righthand bit again, and the small ones choked and had to double themselves up.', 'Caterpillar took the watch and looked at the bottom of a good deal frightened by this time, as it was written to nobody, which isn\'t usual, you know.\' \'Not the same thing with you,\' said the Duchess, \'as pigs have to turn into a large caterpillar, that.', 'http://waelchi.net/', 'Quae quam ex iusto occaecati accusamus tenetur id veniam. Qui recusandae dolore error error quo veniam. Nam quaerat saepe architecto. Fugiat eligendi aliquid autem ullam quo eos cum. Vel alias earum harum corrupti iusto saepe aspernatur. Odit aliquam esse reiciendis error eum et. Reiciendis adipisci non hic eos error voluptatibus. Expedita impedit repudiandae quia iste commodi eius.', 0, 4182480205, 'Mathilde Nikolaus Jr.', 0, '', 0, 0);
INSERT INTO `blog_article` (`id`, `title`, `desc`, `cover_image_url`, `content`, `state`, `created_at`, `created_by`, `updated_at`, `updated_by`, `deleted_at`, `is_del`) VALUES (60, 'Alice. \'And where HAVE my shoulders got to? And oh, I wish I hadn\'t begun my tea--not above a week.', 'Alice found at first was moderate. But the snail replied \"Too far, too far!\" and gave a sudden leap out of his tail. \'As if I shall never get to the part about her any more questions about it, even if my head would go round and swam slowly back again,.', 'http://morar.info/', 'Suscipit dolorum voluptatem est. Quas repudiandae hic doloremque maxime ipsa tempora. Officiis est laudantium vel. Sapiente fuga quaerat et facere. Soluta consequatur eos aspernatur ex reprehenderit ea. Et voluptas nisi enim quia et accusamus. Laudantium amet reprehenderit molestiae voluptas quas. Voluptatem quos expedita fugit fugiat. Dolor consectetur facilis incidunt. Vitae quis commodi facere ut ut qui omnis. Quam laudantium voluptate at sit iure dolorem dolorum. Non neque dolores ratione cum illo.', 0, 4294967295, 'Bridgette Mraz I', 0, '', 0, 0);
INSERT INTO `blog_article` (`id`, `title`, `desc`, `cover_image_url`, `content`, `state`, `created_at`, `created_by`, `updated_at`, `updated_by`, `deleted_at`, `is_del`) VALUES (61, 'Mock Turtle said: \'no wise fish would go round a deal too flustered to tell you--all I know who I.', 'Caterpillar. \'Not QUITE right, I\'m afraid,\' said Alice, \'how am I to get us dry would be the right size again; and the little glass box that was trickling down his face, as long as it went, as if it makes rather a handsome pig, I think.\' And she went.', 'http://mclaughlin.net/', 'Repellat saepe quos ullam sint. Cupiditate asperiores perferendis voluptatem maxime ratione et vel. Quisquam est ut error ut possimus vitae dolores. Eaque autem voluptatem voluptatem dolorem fugit incidunt veritatis. In sint dolore ipsum et debitis sit. Porro qui sunt aliquam qui. Reprehenderit non illum ut vel aut dolores. Consectetur voluptatum vel dolore saepe doloribus laudantium voluptatem. Sequi voluptatum ullam ad quam architecto qui rem. Voluptatum fugit eveniet velit omnis. Doloremque non eum quo in reiciendis. Similique fugiat velit non nihil quia.', 1, 4294967295, 'Letitia Herman', 0, '', 0, 0);
INSERT INTO `blog_article` (`id`, `title`, `desc`, `cover_image_url`, `content`, `state`, `created_at`, `created_by`, `updated_at`, `updated_by`, `deleted_at`, `is_del`) VALUES (62, 'And then, turning to the baby, and not to be no sort of people live about here?\' \'In THAT.', 'I\'ll just see what I used to do:-- \'How doth the little--\"\' and she felt unhappy. \'It was a queer-shaped little creature, and held out its arms folded, quietly smoking a long breath, and said \'No, never\') \'--so you can have no sort of a tree in the air,.', 'http://skiles.net/', 'Neque atque qui officiis commodi. Quisquam dolorem ipsum nostrum pariatur molestias quo. Alias magni consectetur sit aut illo. Consequuntur esse qui sit deserunt non quam similique excepturi. Dolores architecto in asperiores iste. Consequatur illo voluptas autem vero eum perspiciatis. Consequatur in hic ad est odit a voluptatibus. Explicabo aspernatur sunt sed tenetur sit excepturi molestias. Ducimus corporis quia reiciendis delectus praesentium.', 1, 4294967295, 'Golden Bruen', 0, '', 0, 0);
INSERT INTO `blog_article` (`id`, `title`, `desc`, `cover_image_url`, `content`, `state`, `created_at`, `created_by`, `updated_at`, `updated_by`, `deleted_at`, `is_del`) VALUES (63, 'Dinah, tell me who YOU are, first.\' \'Why?\' said the Lory positively refused to tell me your.', 'CHAPTER VIII. The Queen\'s Croquet-Ground A large rose-tree stood near the house till she fancied she heard the Queen\'s absence, and were resting in the pool, \'and she sits purring so nicely by the hedge!\' then silence, and then Alice dodged behind a.', 'http://www.zulauf.org/', 'Suscipit quasi eos libero qui. Expedita molestiae omnis mollitia nihil fuga. Quam non est magnam non ut ut. Est consequatur a eos omnis voluptatem molestias consequatur. Ut incidunt doloremque veritatis laboriosam rerum veniam. Veritatis nulla officia et perspiciatis voluptatem sit sed. Illum est sunt quisquam odio a velit et consectetur. Et est mollitia officiis cumque laboriosam beatae aperiam. Dolorum accusantium dolores ipsa totam est. Est quis consequatur eius sit impedit deleniti odit.', 0, 4294967295, 'Miss Elda Will II', 0, '', 0, 0);
INSERT INTO `blog_article` (`id`, `title`, `desc`, `cover_image_url`, `content`, `state`, `created_at`, `created_by`, `updated_at`, `updated_by`, `deleted_at`, `is_del`) VALUES (64, 'NOT be an advantage,\' said Alice, \'because I\'m not myself, you see.\' \'I don\'t see how he can EVEN.', 'There was not even room for this, and Alice was not here before,\' said the Mock Turtle with a kind of sob, \'I\'ve tried every way, and the sounds will take care of the miserable Mock Turtle. Alice was too small, but at last it unfolded its arms, took the.', 'http://www.ferry.com/', 'Ratione ut laudantium et qui sint. Dolor quisquam autem nihil nesciunt tempora. Nisi rerum corporis officia. Enim voluptas aut placeat aut. Blanditiis culpa quia quae quod consequatur. Asperiores aut eveniet sed praesentium eligendi illum et explicabo. Beatae aliquid reiciendis vitae quisquam. Enim sint expedita aliquam consequatur id. Ex sint aut velit quas possimus fuga suscipit. Officia ut quis cumque assumenda. Doloribus adipisci non ab placeat. Fugiat et ab quo qui quae.', 1, 4294967295, 'Donato Mayer IV', 0, '', 0, 0);
INSERT INTO `blog_article` (`id`, `title`, `desc`, `cover_image_url`, `content`, `state`, `created_at`, `created_by`, `updated_at`, `updated_by`, `deleted_at`, `is_del`) VALUES (65, 'Let me think: was I the same year for such a simple question,\' added the Dormouse, after thinking.', 'CHAPTER II. The Pool of Tears \'Curiouser and curiouser!\' cried Alice in a very long silence, broken only by an occasional exclamation of \'Hjckrrh!\' from the change: and Alice guessed in a shrill, passionate voice. \'Would YOU like cats if you were or.', 'http://mann.com/', 'Mollitia impedit voluptatum autem quos dolorum repudiandae quam. Ut autem nam et labore veritatis. Est facilis exercitationem voluptatum voluptatem. Maxime consequatur voluptas error ab cupiditate necessitatibus sunt. Ex est temporibus nostrum dolorem nisi. Consequatur laboriosam sit sapiente. Nihil odit iste praesentium sequi est eos. Quaerat deserunt molestiae eum est minima dignissimos rerum rerum. Dolor aut dignissimos modi ut maiores. Praesentium totam quas magni eaque. Voluptatibus non quaerat dolorum rerum necessitatibus repellendus qui aperiam.', 0, 3019202286, 'Pearl Lubowitz', 0, '', 0, 0);
INSERT INTO `blog_article` (`id`, `title`, `desc`, `cover_image_url`, `content`, `state`, `created_at`, `created_by`, `updated_at`, `updated_by`, `deleted_at`, `is_del`) VALUES (66, 'Mouse, who was peeping anxiously into her eyes; and once she remembered how small she was losing.', 'Duchess; \'and that\'s a fact.\' Alice did not see anything that had fallen into a conversation. Alice replied, so eagerly that the reason is--\' here the conversation dropped, and the cool fountains. CHAPTER VIII. The Queen\'s argument was, that anything.', 'http://www.carter.com/', 'Et qui voluptatem ducimus et officiis sunt possimus. Error odit ex quia molestiae alias illo porro labore. Veniam vero soluta ratione blanditiis. Nostrum maiores temporibus dolorem occaecati. Qui sed inventore beatae deserunt ipsam. Architecto magnam qui laborum suscipit. Voluptas neque provident aut saepe. Saepe quis quisquam consectetur dolores.', 1, 4294967295, 'Lucious Wehner', 0, '', 0, 0);
INSERT INTO `blog_article` (`id`, `title`, `desc`, `cover_image_url`, `content`, `state`, `created_at`, `created_by`, `updated_at`, `updated_by`, `deleted_at`, `is_del`) VALUES (67, 'SHE, of course,\' he said in a hurried nervous manner, smiling at everything that was said, and.', 'King, and the executioner myself,\' said the Mock Turtle interrupted, \'if you don\'t explain it as well as she could, for her to carry it further. So she was now, and she trembled till she was going a journey, I should like to try the experiment?\' \'HE.', 'http://willms.com/', 'Accusantium nihil ad officiis labore praesentium. Fuga autem voluptas qui tempore. Iure mollitia repellendus blanditiis illum. Et in vel voluptatem provident ratione. Voluptate consequuntur unde qui labore autem et. Magnam aut minus ex sit ipsam. Quia in aperiam ad non odit explicabo. Iure nisi consequatur recusandae nulla quos sint. Magni qui modi voluptatem aut laborum.', 0, 4294967295, 'Oran Hamill', 0, '', 0, 0);
INSERT INTO `blog_article` (`id`, `title`, `desc`, `cover_image_url`, `content`, `state`, `created_at`, `created_by`, `updated_at`, `updated_by`, `deleted_at`, `is_del`) VALUES (68, 'EVEN finish, if he would deny it too: but the Rabbit asked. \'No, I didn\'t,\' said Alice: \'allow me.', 'Alice, \'when one wasn\'t always growing larger and smaller, and being ordered about by mice and rabbits. I almost think I should think you could manage it?) \'And what are YOUR shoes done with?\' said the Lory. Alice replied very politely, \'if I had not.', 'http://reingerhilpert.com/', 'Ut voluptatem et velit sunt quo magnam sapiente. Velit sequi est reiciendis optio dolor tempore. Ipsum hic praesentium dolores. Consectetur ea culpa sint. Eveniet dolorem et aspernatur dolorum. Rerum quia cupiditate eligendi possimus perspiciatis ut soluta. Qui ut ut quas qui vel. Dolor sit voluptates ut non. Neque doloremque est eveniet magnam et sequi. Animi velit omnis iusto. Sit consequuntur doloremque dolor labore vel velit quia.', 0, 4294967295, 'Alberta Smitham', 0, '', 0, 0);
INSERT INTO `blog_article` (`id`, `title`, `desc`, `cover_image_url`, `content`, `state`, `created_at`, `created_by`, `updated_at`, `updated_by`, `deleted_at`, `is_del`) VALUES (69, 'So Alice got up and said, without opening its eyes, \'Of course, of course; just what I like\"!\'.', 'Sir, With no jury or judge, would be quite as much as serpents do, you know.\' Alice had begun to dream that she remained the same thing with you,\' said the March Hare said to the game. CHAPTER IX. The Mock Turtle to sing \"Twinkle, twinkle, little bat!.', 'http://www.west.net/', 'Ab hic tempora facere natus exercitationem nobis quisquam. Rerum quis voluptatem est et. Vero ullam quae vel autem aut ducimus rerum. Et cumque natus eos. Eum consectetur excepturi ut provident. Aut est repellendus perspiciatis consectetur aut. Sed saepe est alias excepturi qui ducimus. Aut odio labore sequi enim iusto tenetur mollitia. Nihil minus dolor unde voluptate est dolorem modi.', 0, 21076207, 'Dr. Sigrid Treutel MD', 0, '', 0, 0);
INSERT INTO `blog_article` (`id`, `title`, `desc`, `cover_image_url`, `content`, `state`, `created_at`, `created_by`, `updated_at`, `updated_by`, `deleted_at`, `is_del`) VALUES (70, 'CAN all that green stuff be?\' said Alice. \'Nothing WHATEVER?\' persisted the King. \'Nearly two.', 'I to get through was more and more puzzled, but she thought it over a little pattering of feet on the glass table and the Dormouse went on, \'\"--found it advisable to go and get ready to make out exactly what they WILL do next! As for pulling me out of.', 'http://eichmann.biz/', 'Odit explicabo architecto mollitia nemo dicta. Id accusamus vero aut aut. Ut nam laudantium totam. Accusantium excepturi consequatur omnis dolor. Dolor aperiam quos nihil id ex recusandae qui. Minima dignissimos et debitis harum corporis veniam illum. Earum voluptates odio eligendi et ullam. Dolorem molestiae saepe tenetur eos. Voluptas quia sed eligendi blanditiis sint consequatur pariatur. Ipsa ut quis deleniti molestiae. Quod voluptatem fugit error. Dignissimos ut ea sed rerum quia in. Tempora officiis velit debitis.', 0, 1730290027, 'Mrs. Zoila Konopelski', 0, '', 0, 0);
INSERT INTO `blog_article` (`id`, `title`, `desc`, `cover_image_url`, `content`, `state`, `created_at`, `created_by`, `updated_at`, `updated_by`, `deleted_at`, `is_del`) VALUES (71, 'LITTLE larger, sir, if you could only hear whispers now and then added them up, and there stood.', 'And the moral of that is--\"The more there is of yours.\"\' \'Oh, I BEG your pardon!\' she exclaimed in a dreamy sort of present!\' thought Alice. The poor little thing sobbed again (or grunted, it was impossible to say but \'It belongs to a farmer, you know,.', 'http://www.runolfsdottir.net/', 'Ducimus aut aut voluptatem consectetur et et ut qui. Quos ullam consequuntur aperiam quia cupiditate id sunt. Molestiae eligendi dolore quia qui libero repudiandae quae. Non omnis minus quia tenetur. Sit quibusdam non est ea est nemo dolor aut. Eum tenetur sed eum ut consequuntur et rerum. Est in et minus rerum quia. Voluptate impedit dolor vero laborum qui dignissimos odio in. Illo saepe neque quibusdam harum qui.', 1, 2480703154, 'Bianka Effertz', 0, '', 0, 0);
INSERT INTO `blog_article` (`id`, `title`, `desc`, `cover_image_url`, `content`, `state`, `created_at`, `created_by`, `updated_at`, `updated_by`, `deleted_at`, `is_del`) VALUES (72, 'However, she got to grow to my boy, I beat him when he sneezes: He only does it to be a very.', 'Five! Always lay the blame on others!\' \'YOU\'D better not do that again!\' which produced another dead silence. Alice was too late to wish that! She went on talking: \'Dear, dear! How queer everything is to-day! And yesterday things went on in these words:.', 'http://www.bergefisher.com/', 'Earum temporibus rerum qui. Quasi rerum perferendis quia eum. Voluptatum perspiciatis inventore placeat inventore. Omnis tempora hic qui. Ipsum ad eum delectus. Ea et eveniet sed quasi. Dicta voluptas similique doloremque eos. Aspernatur id fugiat nihil dolorem maxime optio.', 0, 4294967295, 'Garry Roob', 0, '', 0, 0);
INSERT INTO `blog_article` (`id`, `title`, `desc`, `cover_image_url`, `content`, `state`, `created_at`, `created_by`, `updated_at`, `updated_by`, `deleted_at`, `is_del`) VALUES (73, 'As she said this, she noticed that the Gryphon as if he wasn\'t one?\' Alice asked. The Hatter was.', 'I\'m never sure what I\'m going to shrink any further: she felt sure she would gather about her pet: \'Dinah\'s our cat. And she\'s such a neck as that! No, no! You\'re a serpent; and there\'s no use going back to the garden at once; but, alas for poor Alice!.', 'http://www.blandayundt.com/', 'Placeat qui optio sapiente sit. Iusto et doloribus quis voluptatem et consequatur vel. Doloribus consequatur ea omnis cumque dolorem. Velit quibusdam deleniti aut. Ducimus et modi dignissimos est laudantium eum aperiam. Nesciunt iure natus id laboriosam omnis quasi dolor. Impedit quaerat soluta totam.', 1, 3634156221, 'Brandyn Schoen IV', 0, '', 0, 0);
INSERT INTO `blog_article` (`id`, `title`, `desc`, `cover_image_url`, `content`, `state`, `created_at`, `created_by`, `updated_at`, `updated_by`, `deleted_at`, `is_del`) VALUES (74, 'Mock Turtle a little now and then another confusion of voices--\'Hold up his head--Brandy.', 'HIGH TO LEAVE THE COURT.\' Everybody looked at Alice. \'I\'M not a moment like a stalk out of its voice. \'Back to land again, and Alice looked at poor Alice, that she could not think of what sort it was) scratching and scrambling about in a low curtain she.', 'http://powlowski.net/', 'Sed eveniet omnis quidem. Dignissimos voluptatem iusto nobis minus. Id ex omnis doloremque perspiciatis exercitationem in alias. Placeat dicta dolore voluptas numquam totam quae ut. Culpa ut ab molestias est id adipisci. Ut est excepturi qui deserunt accusantium illo quia. Nesciunt quibusdam deleniti deleniti iure. Corrupti ad sed fugiat inventore quas accusamus deserunt. Officiis sit quidem minima et velit qui tempore et. Dolorum iure et dolorem sit nemo culpa quis aut. Repellendus blanditiis cum debitis. Fugit ipsum aut esse id repellat. Quo est nulla tenetur ad architecto architecto eos placeat.', 0, 4294967295, 'Benjamin Lubowitz', 0, '', 0, 0);
INSERT INTO `blog_article` (`id`, `title`, `desc`, `cover_image_url`, `content`, `state`, `created_at`, `created_by`, `updated_at`, `updated_by`, `deleted_at`, `is_del`) VALUES (75, 'Soup! \'Beautiful Soup! Who cares for fish, Game, or any other dish? Who would not join the dance?.', 'Duck. \'Found IT,\' the Mouse replied rather impatiently: \'any shrimp could have told you that.\' \'If I\'d been the right house, because the chimneys were shaped like the look of it at all. \'But perhaps it was a most extraordinary noise going on shrinking.', 'http://www.hudsonmueller.com/', 'Sequi et voluptatem facere sint expedita enim. Similique necessitatibus qui ab. Et vel ipsam id eaque. Natus enim aut itaque quos dolorum. Delectus est ut provident distinctio. Sequi cum voluptatem est odio id non dicta sed. Aperiam est quo iste ratione occaecati. Omnis vitae dolor autem maiores. Rerum ipsa amet quo.', 0, 4294967295, 'Mr. Felton Stanton', 0, '', 0, 0);
INSERT INTO `blog_article` (`id`, `title`, `desc`, `cover_image_url`, `content`, `state`, `created_at`, `created_by`, `updated_at`, `updated_by`, `deleted_at`, `is_del`) VALUES (76, 'Mystery,\' the Mock Turtle Soup is made from,\' said the Mouse. \'Of course,\' the Mock Turtle said:.', 'Was kindly permitted to pocket the spoon: While the Duchess by this time?\' she said to herself. \'Shy, they seem to encourage the witness at all: he kept shifting from one of them attempted to explain the paper. \'If there\'s no use speaking to a shriek,.', 'http://welch.com/', 'Eos a necessitatibus et sint. Quaerat ducimus placeat quis. Aut velit consequatur et non hic et pariatur debitis. Maxime cum animi et dolores sequi et. Et amet blanditiis voluptatem. Hic et esse praesentium non veniam neque rerum. Non ullam facere rerum magni. Rerum ab consequatur debitis quo optio ea debitis. Qui dolor non sapiente velit fuga.', 0, 4294967295, 'Richard Roob', 0, '', 0, 0);
INSERT INTO `blog_article` (`id`, `title`, `desc`, `cover_image_url`, `content`, `state`, `created_at`, `created_by`, `updated_at`, `updated_by`, `deleted_at`, `is_del`) VALUES (77, 'I\'d only been the right words,\' said poor Alice, \'when one wasn\'t always growing larger and.', 'CHAPTER X. The Lobster Quadrille The Mock Turtle Soup is made from,\' said the Caterpillar. \'I\'m afraid I don\'t care which happens!\' She ate a little now and then the puppy made another rush at Alice for protection. \'You shan\'t be able! I shall think.', 'http://damorebogisich.info/', 'Assumenda rem dolor quos nobis libero sequi. Maiores soluta autem est et reprehenderit alias. Ipsum fuga dolorem hic dolores. Eligendi neque quia et architecto doloribus doloribus. Aliquam doloribus laudantium sed et. Veritatis voluptate aliquam eum aliquid repudiandae et ea. Dolores in recusandae non est id dolores. Debitis impedit sed velit numquam fugiat. Hic distinctio aliquid quod voluptatem dolores commodi ad. Consequatur earum nobis eveniet placeat blanditiis. Autem architecto dignissimos facere harum ratione. Illum nostrum commodi exercitationem rem.', 1, 4294967295, 'Dr. Brant Kuhlman DVM', 0, '', 0, 0);
INSERT INTO `blog_article` (`id`, `title`, `desc`, `cover_image_url`, `content`, `state`, `created_at`, `created_by`, `updated_at`, `updated_by`, `deleted_at`, `is_del`) VALUES (78, 'Alice kept her eyes filled with tears running down his brush, and had to pinch it to half-past one.', 'Alice. The King laid his hand upon her face. \'Wake up, Dormouse!\' And they pinched it on both sides at once. \'Give your evidence,\' said the Mouse, turning to the Cheshire Cat, she was a dead silence. Alice was very uncomfortable, and, as they would go,.', 'http://feeneygutmann.com/', 'Aliquam maiores vitae quae. Sint impedit est harum nostrum saepe ullam debitis qui. Sunt unde debitis animi architecto iste repudiandae maiores. Dolorem commodi provident omnis dicta laboriosam veniam veritatis. Nulla qui ut perspiciatis vitae ea sit. Aperiam voluptas eveniet quod aut reprehenderit. Nisi unde ut dicta. Dolorem et atque odio deleniti iure quia. Itaque corrupti veniam rerum dolores. Repellat rerum facilis est ut atque. Ea molestiae perferendis aliquam incidunt accusantium. Dicta nostrum maiores reprehenderit. Qui eveniet quidem neque et distinctio esse enim.', 1, 33978144, 'Miss Gertrude Heller Jr.', 0, '', 0, 0);
INSERT INTO `blog_article` (`id`, `title`, `desc`, `cover_image_url`, `content`, `state`, `created_at`, `created_by`, `updated_at`, `updated_by`, `deleted_at`, `is_del`) VALUES (79, 'Queen, who was reading the list of singers. \'You may not have lived much under the window, I only.', 'Cheshire Cat, she was going off into a butterfly, I should like to have it explained,\' said the King, \'or I\'ll have you executed.\' The miserable Hatter dropped his teacup and bread-and-butter, and went down to nine inches high. CHAPTER VI. Pig and.', 'http://www.eichmannthompson.biz/', 'Eos enim voluptatem et eum quaerat enim. Ipsum et ullam optio qui et quam asperiores. Autem eos voluptates illo dolores debitis ipsa. Aliquid consequuntur libero hic aspernatur distinctio dignissimos. Odit quia autem eum in expedita rerum. Eum sit eos labore dicta facilis quo. Aut quia in voluptatibus suscipit voluptate tempore. Nesciunt ut autem in earum impedit et. Maiores necessitatibus laudantium rem suscipit aut deserunt quo. Sit voluptate repudiandae suscipit neque dignissimos. Est sequi consequuntur aut voluptatem dicta sint quia aliquid. Accusantium vero eum voluptas rerum. Quibusdam dolor minus consectetur ut libero sed aut. Quis in aperiam sit quis voluptatem nostrum.', 0, 4294967295, 'Dillon Runolfsson', 0, '', 0, 0);
INSERT INTO `blog_article` (`id`, `title`, `desc`, `cover_image_url`, `content`, `state`, `created_at`, `created_by`, `updated_at`, `updated_by`, `deleted_at`, `is_del`) VALUES (80, 'Who for such a neck as that! No, no! You\'re a serpent; and there\'s no use speaking to it,\' she.', 'I\'ll manage better this time,\' she said, by way of nursing it, (which was to twist it up into the court, \'Bring me the list of the house of the hall: in fact she was losing her temper. \'Are you content now?\' said the Mock Turtle to sing \"Twinkle,.', 'http://erdman.com/', 'Itaque earum occaecati est voluptas eveniet qui. Aut perspiciatis sit voluptatibus quam assumenda totam qui. Dolorem nemo soluta totam eos. Nobis cupiditate velit quis accusamus. Quos architecto repellat quidem at rerum voluptate vel nam. Quos et aliquam eos velit eos sed. Unde placeat et neque. Qui vel quia porro id eaque tenetur necessitatibus. Qui et eaque alias ex eveniet maxime.', 1, 4294967295, 'Taryn Kreiger', 0, '', 0, 0);
INSERT INTO `blog_article` (`id`, `title`, `desc`, `cover_image_url`, `content`, `state`, `created_at`, `created_by`, `updated_at`, `updated_by`, `deleted_at`, `is_del`) VALUES (81, 'Mock Turtle repeated thoughtfully. \'I should have liked teaching it tricks very much, if--if I\'d.', 'What happened to me! When I used to come yet, please your Majesty?\' he asked. \'Begin at the end of the officers: but the great puzzle!\' And she squeezed herself up and leave the room, when her eye fell on a summer day: The Knave of Hearts, she made it.', 'http://www.mitchell.biz/', 'Eum laboriosam nesciunt maiores praesentium non suscipit. Quas ad vel voluptate at veniam voluptatem. Dicta commodi a sint expedita. Ut delectus voluptas molestiae veritatis porro non. Qui qui velit aut reiciendis voluptatem. Velit cupiditate accusamus dolor corrupti quisquam quisquam. Quaerat ullam inventore cum minima ullam similique. Possimus illum molestiae similique dignissimos rerum voluptatibus consequuntur. Molestiae saepe facere eum tenetur. Autem qui quod atque consequuntur ab. Vero possimus quae aut pariatur. Facilis vero consequatur porro dolores modi. Atque quis qui magni nam ipsum. Dolores quae nisi id et et.', 1, 4294967295, 'Claude Larson I', 0, '', 0, 0);
INSERT INTO `blog_article` (`id`, `title`, `desc`, `cover_image_url`, `content`, `state`, `created_at`, `created_by`, `updated_at`, `updated_by`, `deleted_at`, `is_del`) VALUES (82, 'Hatter were having tea at it: a Dormouse was sitting on a three-legged stool in the pool, and the.', 'Elsie, Lacie, and Tillie; and they all looked puzzled.) \'He must have a prize herself, you know,\' said the Hatter, \'you wouldn\'t talk about her pet: \'Dinah\'s our cat. And she\'s such a thing. After a while she ran, as well say,\' added the Dormouse..', 'http://wildermanwilliamson.info/', 'Facere voluptatem id facere repellendus voluptas. Assumenda placeat quia dolores eius dolorum maxime nulla. Repellat itaque et ducimus et ut quam et. Consequuntur est voluptatum id culpa dolorum vero iste. Quas dolorem quo in necessitatibus laudantium labore. Distinctio culpa consequatur sed et et rerum repudiandae. Hic dolorem natus corporis accusantium. Accusantium aut cum iusto et rerum voluptatem. Perferendis et voluptas eos odio reiciendis temporibus. Qui perferendis velit reiciendis aut quos. Et debitis amet nihil et minima harum.', 0, 826281337, 'Silas Shields I', 0, '', 0, 0);
INSERT INTO `blog_article` (`id`, `title`, `desc`, `cover_image_url`, `content`, `state`, `created_at`, `created_by`, `updated_at`, `updated_by`, `deleted_at`, `is_del`) VALUES (83, 'Alice, (she had grown in the back. However, it was too late to wish that! She went on again:--.', 'Gryphon answered, very nearly carried it off. * * * * * * * * * * * * * * * * * * * * * * * * * * * * * * * * * * * * * * * * * * * * * * * * * * * * * * * * * * * * * \'What a funny watch!\' she remarked. \'It tells the day of the court,\" and I never was.', 'http://konopelski.com/', 'Aut neque exercitationem dolor. Quisquam mollitia dolor rerum neque et perferendis sit consequatur. Qui fugiat aut asperiores. Quis aut illum molestiae tempora corporis architecto qui. Vero porro aut totam ad iusto. Inventore rerum quo odit cum libero. Optio nesciunt deleniti tenetur minima voluptatem blanditiis at. Cumque blanditiis amet molestiae facere. Commodi est sit quam quae. Quia et accusamus accusamus ut.', 0, 4294967295, 'Laurel Considine DVM', 0, '', 0, 0);
INSERT INTO `blog_article` (`id`, `title`, `desc`, `cover_image_url`, `content`, `state`, `created_at`, `created_by`, `updated_at`, `updated_by`, `deleted_at`, `is_del`) VALUES (84, 'I had not noticed before, and he checked himself suddenly: the others all joined in chorus, \'Yes,.', 'I\'ve finished.\' So they sat down in a very small cake, on which the words \'DRINK ME\' beautifully printed on it in a game of play with a smile. There was no longer to be a book of rules for shutting people up like telescopes: this time she saw maps and.', 'http://www.murazikcronin.com/', 'Sit et quas aut error. Officiis numquam ad mollitia quis et. Eos aut explicabo ut porro voluptas placeat placeat. Ex beatae ducimus vel animi reprehenderit velit nihil. Voluptatem provident non amet aut quasi beatae. Molestiae et omnis voluptatem porro. Commodi animi libero eaque voluptas et. Numquam beatae quisquam ab odio dolore nulla. Architecto natus quia dolore.', 1, 4294967295, 'Prof. Bernard Dickinson III', 0, '', 0, 0);
INSERT INTO `blog_article` (`id`, `title`, `desc`, `cover_image_url`, `content`, `state`, `created_at`, `created_by`, `updated_at`, `updated_by`, `deleted_at`, `is_del`) VALUES (85, 'Alice. \'I\'m a--I\'m a--\' \'Well! WHAT are you?\' said Alice, \'a great girl like you,\' (she might well.', 'Alice did not quite know what they\'re about!\' \'Read them,\' said the Dormouse, who seemed to quiver all over with fright. \'Oh, I BEG your pardon!\' said the King: \'however, it may kiss my hand if it please your Majesty!\' the Duchess was sitting on a.', 'http://heidenreich.com/', 'Libero quia rerum quae. Architecto accusantium enim consequatur. Magnam similique dolor sit nobis. Maiores suscipit quasi quo sequi. Optio sed consequuntur odio error earum iste. Eligendi quasi quae consequuntur. Qui sed tempora animi impedit. Cum iusto ex reiciendis cumque quasi tempore deserunt. Eligendi ipsam voluptates est expedita nesciunt.', 0, 4294967295, 'Tremaine Harber I', 0, '', 0, 0);
INSERT INTO `blog_article` (`id`, `title`, `desc`, `cover_image_url`, `content`, `state`, `created_at`, `created_by`, `updated_at`, `updated_by`, `deleted_at`, `is_del`) VALUES (86, 'Miss, we\'re doing our best, afore she comes, to--\' At this the White Rabbit, jumping up in great.', 'Never heard of uglifying!\' it exclaimed. \'You know what to beautify is, I can\'t understand it myself to begin with; and being ordered about in the distance, and she felt sure it would be grand, certainly,\' said Alice to herself, for this curious child.', 'http://bayer.org/', 'Sint est illum mollitia provident earum eveniet. Ut dolorem ut voluptatem laudantium repellendus nam. Quo doloremque qui quibusdam suscipit ut. Quis tenetur aut voluptas voluptates voluptatibus. Ipsa quia et aut dolore enim voluptas delectus. Ea blanditiis cumque fugit quis deleniti nam. Rem et expedita consequatur totam praesentium quia hic.', 1, 4294967295, 'Prof. Wanda Crooks', 0, '', 0, 0);
INSERT INTO `blog_article` (`id`, `title`, `desc`, `cover_image_url`, `content`, `state`, `created_at`, `created_by`, `updated_at`, `updated_by`, `deleted_at`, `is_del`) VALUES (87, 'Bill\'s place for a great thistle, to keep herself from being broken. She hastily put down yet,.', 'Seaography: then Drawling--the Drawling-master was an old woman--but then--always to have been ill.\' \'So they were,\' said the Cat. \'I said pig,\' replied Alice; \'and I wish I hadn\'t to bring but one; Bill\'s got to do,\' said the Cat, \'if you only walk.', 'http://bins.org/', 'Aut quis libero velit dolore earum autem. Consequatur animi tenetur ut quam ad sit explicabo. Delectus dolor non vero labore. Ab voluptas odit totam rerum fugit quisquam explicabo atque. Illo quo repudiandae quo fugiat autem. Nobis rerum ut quod beatae iure in maiores itaque. Minus ut ea magni odit sunt. Sapiente beatae totam maiores in error in nulla. Ea ut est accusantium corrupti minima. Tenetur dicta ex qui quisquam. Iusto nostrum incidunt non deleniti saepe beatae maiores. Autem blanditiis unde blanditiis est cumque qui adipisci.', 1, 1186487078, 'Kayla Tillman', 0, '', 0, 0);
INSERT INTO `blog_article` (`id`, `title`, `desc`, `cover_image_url`, `content`, `state`, `created_at`, `created_by`, `updated_at`, `updated_by`, `deleted_at`, `is_del`) VALUES (88, 'THAT!\' \'Oh, you can\'t think! And oh, my poor little thing was waving its right ear and left foot,.', 'Lory, who at last in the sea. But they HAVE their tails in their mouths--and they\'re all over with diamonds, and walked two and two, as the large birds complained that they would go, and making quite a conversation of it at last, more calmly, though.', 'http://cole.com/', 'Dolore non eveniet atque praesentium in. Est ipsa inventore sapiente. Est quasi saepe nisi. Repudiandae est quasi consequatur consequatur accusamus quod totam. Nemo dolorem saepe neque inventore quis voluptatem vel. Reprehenderit sunt voluptates incidunt et autem vitae omnis doloremque. Optio non blanditiis optio voluptas qui. Laborum voluptates odit numquam vitae modi unde fuga. Saepe et et et quis. Explicabo asperiores commodi quis. Minima iusto natus rerum quia a voluptatum iusto.', 1, 4294967295, 'Prof. Mohammad Beer', 0, '', 0, 0);
INSERT INTO `blog_article` (`id`, `title`, `desc`, `cover_image_url`, `content`, `state`, `created_at`, `created_by`, `updated_at`, `updated_by`, `deleted_at`, `is_del`) VALUES (89, 'Alice for protection. \'You shan\'t be beheaded!\' said Alice, \'and why it is to France-- Then turn.', 'Alice was beginning to end,\' said the Mock Turtle. \'Very much indeed,\' said Alice. \'Why not?\' said the Mouse. \'Of course,\' the Dodo managed it.) First it marked out a box of comfits, (luckily the salt water had not gone far before they saw her, they.', 'http://www.cole.com/', 'Mollitia similique iure commodi iste et commodi sed. Ipsa hic a illo aspernatur blanditiis quisquam eveniet fugiat. Voluptas consequatur provident quaerat. Quibusdam at molestiae ad suscipit perferendis velit in corrupti. Libero quis neque enim. Quia voluptatibus qui et aut odio est. Sint ullam molestiae dignissimos repellat illo. Non aut temporibus sit dolorum laboriosam. Ea perferendis quo est adipisci aperiam similique incidunt deleniti. Vel expedita labore accusamus voluptatem libero. Illum cum voluptatem ipsa est in. Nemo quas rerum quis non maiores iusto molestias. Et sed ducimus fuga laboriosam ea quae quis.', 0, 4294967295, 'Curtis Steuber', 0, '', 0, 0);
INSERT INTO `blog_article` (`id`, `title`, `desc`, `cover_image_url`, `content`, `state`, `created_at`, `created_by`, `updated_at`, `updated_by`, `deleted_at`, `is_del`) VALUES (90, 'I was a child,\' said the Mock Turtle, \'they--you\'ve seen them, of course?\' \'Yes,\' said Alice to.', 'Duck. \'Found IT,\' the Mouse only shook its head to hide a smile: some of them attempted to explain the paper. \'If there\'s no meaning in them, after all. \"--SAID I COULD NOT SWIM--\" you can\'t think! And oh, my poor hands, how is it directed to?\' said the.', 'http://bartell.com/', 'Molestiae molestiae sunt voluptas totam officiis modi. Eum incidunt quo ut dolorum enim. Voluptas explicabo ut consectetur minus eos doloribus consequuntur. Eius aut in optio aut at beatae. Expedita cupiditate quisquam ut ipsa nam quia aut repellat. Impedit enim iste ducimus dicta repellendus omnis. Nihil aut error non eligendi impedit. Iste optio saepe laudantium quod animi rerum. Consequatur non ut quae consectetur culpa. Distinctio accusantium vitae perspiciatis ipsam consequatur. Repellat ut mollitia recusandae aut assumenda id quasi iure. Numquam non dolorem pariatur nesciunt facere laborum.', 0, 4294967295, 'Tiffany Volkman DDS', 0, '', 0, 0);
INSERT INTO `blog_article` (`id`, `title`, `desc`, `cover_image_url`, `content`, `state`, `created_at`, `created_by`, `updated_at`, `updated_by`, `deleted_at`, `is_del`) VALUES (91, 'Gryphon, \'you first form into a doze; but, on being pinched by the little thing was to find it.', 'Dormouse, after thinking a minute or two sobs choked his voice. \'Same as if it wasn\'t very civil of you to learn?\' \'Well, there was Mystery,\' the Mock Turtle, suddenly dropping his voice; and the others all joined in chorus, \'Yes, please do!\' but the.', 'http://douglas.com/', 'Non laudantium assumenda facilis voluptatem in excepturi beatae autem. Dicta in sed sed. Fugit porro ullam quas accusantium dolorem illo ducimus. Quae placeat aliquam pariatur optio. Animi alias vero veritatis. Dignissimos numquam sit voluptas. Velit non odio in non alias.', 1, 1964618386, 'Ayla Tromp', 0, '', 0, 0);
INSERT INTO `blog_article` (`id`, `title`, `desc`, `cover_image_url`, `content`, `state`, `created_at`, `created_by`, `updated_at`, `updated_by`, `deleted_at`, `is_del`) VALUES (92, 'HIS time of life. The King\'s argument was, that you weren\'t to talk nonsense. The Queen\'s argument.', 'Alice. \'Now we shall get on better.\' \'I\'d rather finish my tea,\' said the Pigeon went on, looking anxiously about as it can talk: at any rate a book written about me, that there was enough of me left to make personal remarks,\' Alice said to Alice, and.', 'http://braunvonrueden.com/', 'Itaque molestiae officiis a. Optio delectus tempora corrupti voluptas voluptas ab maxime. Illo et voluptate quas aut. Vitae qui cumque rerum corporis. Molestias dignissimos nihil corrupti at ea. Molestias sed harum repellendus voluptas enim. Aut velit harum et et quas non. Doloribus voluptatem dolorem adipisci cumque eum qui consequatur quo. Ut quo non aliquid neque. Enim minima a fugit beatae aut eligendi quas.', 1, 4294967295, 'Jaylin Hills', 0, '', 0, 0);
INSERT INTO `blog_article` (`id`, `title`, `desc`, `cover_image_url`, `content`, `state`, `created_at`, `created_by`, `updated_at`, `updated_by`, `deleted_at`, `is_del`) VALUES (93, 'I can guess that,\' she added aloud. \'Do you play croquet?\' The soldiers were silent, and looked.', 'White Rabbit; \'in fact, there\'s nothing written on the floor, and a pair of boots every Christmas.\' And she opened it, and behind them a railway station.) However, she soon made out what she was now more than three.\' \'Your hair wants cutting,\' said the.', 'http://www.lubowitzhuel.com/', 'Laudantium autem et omnis reprehenderit nihil ut eius. Sit similique impedit et odit similique alias. Tempore et soluta nisi repellat aut voluptatem nam. Autem vel ipsa rerum consequatur eum esse. Quidem distinctio quibusdam est molestias laudantium rerum rem iste. Consequuntur optio et suscipit nam repellendus dolores. Et rem consequatur ducimus et est.', 1, 4294967295, 'Antwan Torphy', 0, '', 0, 0);
INSERT INTO `blog_article` (`id`, `title`, `desc`, `cover_image_url`, `content`, `state`, `created_at`, `created_by`, `updated_at`, `updated_by`, `deleted_at`, `is_del`) VALUES (94, 'Alice could hear the Rabbit say to itself, half to herself, as well as she was talking. \'How CAN I.', 'At this the White Rabbit put on his knee, and the Panther received knife and fork with a sigh: \'he taught Laughing and Grief, they used to queer things happening. While she was quite silent for a long time with great emphasis, looking hard at Alice the.', 'http://cronin.info/', 'Eos nihil ullam maiores molestias unde labore. Ut eos veritatis voluptatem. Ea cum distinctio eos dolorum rerum et. Quia perferendis nostrum dolores. Ratione sunt voluptatem aliquam laboriosam quidem eos natus. Eaque officia sit aspernatur ut. Ratione odit voluptas atque voluptatum ab aliquid culpa. Temporibus numquam sequi eligendi. Ut commodi ad ab tempora iste voluptas eaque. Aspernatur saepe eligendi voluptas unde. Dignissimos incidunt non nostrum a. Cumque quia animi repudiandae labore autem.', 0, 669203754, 'Juliet Krajcik', 0, '', 0, 0);
INSERT INTO `blog_article` (`id`, `title`, `desc`, `cover_image_url`, `content`, `state`, `created_at`, `created_by`, `updated_at`, `updated_by`, `deleted_at`, `is_del`) VALUES (95, 'Dodo suddenly called out to sea!\" But the insolence of his pocket, and pulled out a race-course,.', 'While she was a little sharp bark just over her head impatiently; and, turning to Alice, she went on, \'you see, a dog growls when it\'s angry, and wags its tail when I\'m pleased, and wag my tail when I\'m angry. Therefore I\'m mad.\' \'I call it sad?\' And.', 'http://hane.info/', 'Qui animi quae laborum non. Magni enim est sit nemo reiciendis. Ullam sunt dolores earum sit. Et eligendi sunt consequatur. Qui aut non nemo optio officiis. Adipisci sit blanditiis vel voluptas minima doloribus. Amet nesciunt et ut ut.', 0, 4294967295, 'Edwina Rodriguez DDS', 0, '', 0, 0);
INSERT INTO `blog_article` (`id`, `title`, `desc`, `cover_image_url`, `content`, `state`, `created_at`, `created_by`, `updated_at`, `updated_by`, `deleted_at`, `is_del`) VALUES (96, 'Alice as he spoke, \'we were trying--\' \'I see!\' said the Hatter: \'it\'s very rude.\' The Hatter was.', 'IN the well,\' Alice said very politely, feeling quite pleased to find any. And yet I wish I hadn\'t mentioned Dinah!\' she said to herself. (Alice had no reason to be a letter, written by the time he had to sing this:-- \'Beautiful Soup, so rich and green,.', 'http://rogahn.org/', 'Ut provident fuga laborum deleniti. Deleniti veritatis sit officiis labore tempora nihil. Id autem ut sint explicabo ipsa sint voluptatum iste. Doloribus doloremque nemo dolorum excepturi nesciunt. Tenetur dolore perspiciatis nemo quis voluptates. Vero dolor adipisci dignissimos ut aut. Laudantium natus vel et accusantium impedit explicabo occaecati. Deserunt cumque cumque aut voluptatem beatae excepturi. Nulla voluptas consequuntur impedit et quia voluptas ullam.', 1, 4294967295, 'Raymond Bergnaum MD', 0, '', 0, 0);
INSERT INTO `blog_article` (`id`, `title`, `desc`, `cover_image_url`, `content`, `state`, `created_at`, `created_by`, `updated_at`, `updated_by`, `deleted_at`, `is_del`) VALUES (97, 'HERE.\' \'But then,\' thought Alice, \'to pretend to be true): If she should chance to be.', 'She said the Duchess; \'and most things twinkled after that--only the March Hare,) \'--it was at in all my limbs very supple By the time at the bottom of a muchness?\' \'Really, now you ask me,\' said Alice, \'and if it thought that she was now about a.', 'http://nicolaskautzer.com/', 'Occaecati dicta sunt ratione et. Nemo tenetur molestiae qui in ut inventore consequatur explicabo. Dolorem sed mollitia necessitatibus. Eius quo ipsam aut non quaerat pariatur qui ut. Consequatur nostrum provident porro. Dicta totam porro et temporibus. Est accusantium eos delectus aliquam corporis non. Consequatur quia rerum ut aut animi ut autem. Quaerat qui necessitatibus qui unde consequatur.', 0, 1093735489, 'Simeon Kutch', 0, '', 0, 0);
INSERT INTO `blog_article` (`id`, `title`, `desc`, `cover_image_url`, `content`, `state`, `created_at`, `created_by`, `updated_at`, `updated_by`, `deleted_at`, `is_del`) VALUES (98, 'Twinkle, twinkle--\"\' Here the Queen was in managing her flamingo: she succeeded in curving it down.', 'Bill! I wouldn\'t be so proud as all that.\' \'With extras?\' asked the Gryphon, \'you first form into a doze; but, on being pinched by the pope, was soon left alone. \'I wish I had to kneel down on their slates, and she drew herself up on to her chin in salt.', 'http://www.braundooley.com/', 'Omnis error quos nostrum ad nemo facere. Minus est eligendi dolorem quisquam molestias. Placeat qui error vero hic voluptas corporis. Aliquam enim neque at rerum itaque cum commodi. Eveniet quo voluptatem facere. Consequatur unde placeat enim odio velit qui exercitationem. Illo ea dolores excepturi neque voluptas. Tempore delectus consequuntur ratione omnis consectetur. Consequuntur sint aut corrupti quis voluptatem illum. Molestiae consequatur ullam in non non vitae est. Eligendi accusantium repudiandae numquam impedit explicabo. Omnis dolores dolore voluptatem molestias quo aut. Tempora dolor occaecati et quia est.', 0, 4294967295, 'Georgiana Koepp DVM', 0, '', 0, 0);
INSERT INTO `blog_article` (`id`, `title`, `desc`, `cover_image_url`, `content`, `state`, `created_at`, `created_by`, `updated_at`, `updated_by`, `deleted_at`, `is_del`) VALUES (99, 'WOULD put their heads down! I am to see what was the Cat again, sitting on the top of it..', 'Gryphon went on. \'Or would you like to try the first question, you know.\' \'Not the same year for such dainties would not join the dance. So they began moving about again, and we won\'t talk about wasting IT. It\'s HIM.\' \'I don\'t see any wine,\' she.', 'http://quitzon.com/', 'Veritatis quo ut ut necessitatibus vel eius neque. Magni quam et et ex ea distinctio rerum. Commodi architecto nulla eum in omnis modi. Occaecati tempore error quae magnam illo dolore inventore. Dolore fugit minus reiciendis optio facilis ad. Expedita facere velit aspernatur laborum. Minima repellendus alias vitae aliquam inventore. Consectetur eveniet repellendus saepe est. Corrupti cum voluptatum delectus aut cumque. Iste placeat doloremque cum aut voluptatem odit corrupti. Odit necessitatibus ipsa animi nesciunt. Ullam quidem dolorum placeat qui omnis nam fuga in. Maxime explicabo vel quia dolores. Consequatur vel ut ut ipsum.', 1, 4294967295, 'Cornelius Macejkovic', 0, '', 0, 0);
INSERT INTO `blog_article` (`id`, `title`, `desc`, `cover_image_url`, `content`, `state`, `created_at`, `created_by`, `updated_at`, `updated_by`, `deleted_at`, `is_del`) VALUES (100, 'Oh, I shouldn\'t like THAT!\' \'Oh, you can\'t help that,\' said the Hatter. \'It isn\'t directed at.', 'However, this bottle does. I do so like that curious song about the crumbs,\' said the March Hare. \'Sixteenth,\' added the Queen. First came ten soldiers carrying clubs; these were ornamented all over with diamonds, and walked two and two, as the Dormouse.', 'http://lehner.com/', 'Et quisquam aut omnis hic quia voluptas est. Aut qui tempore voluptatem mollitia ratione aliquam. Laboriosam nihil illo quasi totam voluptas distinctio. Dolor qui animi provident et tenetur. Alias earum tempora hic sint aut. Dicta qui placeat est nemo. Reiciendis velit aut amet qui quo recusandae provident. Magni modi quasi labore ex. Voluptatum fuga nemo consequatur impedit minus sed. Adipisci est corrupti id facere. Facilis qui ut et fugiat est laborum inventore. Pariatur voluptas blanditiis sit doloremque. Consequatur quod voluptatum veniam deserunt quas veritatis soluta. Aliquam similique soluta numquam officia est. Adipisci quod sint ipsam soluta impedit et.', 1, 4294967295, 'Mr. Rodrick Gleichner', 0, '', 0, 0);

INSERT INTO `blog_tag` (`id`, `name`, `state`, `created_at`, `created_by`, `updated_at`, `updated_by`, `deleted_at`, `is_del`) VALUES (1, 'sit', 0, 43259, 'Dr. Jeramy Waters', 0, '', 0, 0);
INSERT INTO `blog_tag` (`id`, `name`, `state`, `created_at`, `created_by`, `updated_at`, `updated_by`, `deleted_at`, `is_del`) VALUES (2, 'sit', 0, 2371570956, 'Bo Bosco Sr.', 0, '', 0, 0);
INSERT INTO `blog_tag` (`id`, `name`, `state`, `created_at`, `created_by`, `updated_at`, `updated_by`, `deleted_at`, `is_del`) VALUES (3, 'vel', 0, 4294967295, 'Georgiana O\'Hara', 0, '', 0, 0);
INSERT INTO `blog_tag` (`id`, `name`, `state`, `created_at`, `created_by`, `updated_at`, `updated_by`, `deleted_at`, `is_del`) VALUES (4, 'asperiores', 0, 4294967295, 'Amir Denesik II', 0, '', 0, 0);
INSERT INTO `blog_tag` (`id`, `name`, `state`, `created_at`, `created_by`, `updated_at`, `updated_by`, `deleted_at`, `is_del`) VALUES (5, 'porro', 1, 4294967295, 'Germaine Kutch', 0, '', 0, 0);
INSERT INTO `blog_tag` (`id`, `name`, `state`, `created_at`, `created_by`, `updated_at`, `updated_by`, `deleted_at`, `is_del`) VALUES (6, 'reiciendis', 0, 4294967295, 'Prof. Mateo Friesen IV', 0, '', 0, 0);
INSERT INTO `blog_tag` (`id`, `name`, `state`, `created_at`, `created_by`, `updated_at`, `updated_by`, `deleted_at`, `is_del`) VALUES (7, 'iste', 0, 4294967295, 'Peyton Cummerata', 0, '', 0, 0);
INSERT INTO `blog_tag` (`id`, `name`, `state`, `created_at`, `created_by`, `updated_at`, `updated_by`, `deleted_at`, `is_del`) VALUES (8, 'ut', 0, 4294967295, 'Mekhi Jones DVM', 0, '', 0, 0);
INSERT INTO `blog_tag` (`id`, `name`, `state`, `created_at`, `created_by`, `updated_at`, `updated_by`, `deleted_at`, `is_del`) VALUES (9, 'corrupti', 1, 4294967295, 'Giovanni Feest', 0, '', 0, 0);
INSERT INTO `blog_tag` (`id`, `name`, `state`, `created_at`, `created_by`, `updated_at`, `updated_by`, `deleted_at`, `is_del`) VALUES (10, 'perferendis', 0, 1362905283, 'Reba Terry', 0, '', 0, 0);
INSERT INTO `blog_tag` (`id`, `name`, `state`, `created_at`, `created_by`, `updated_at`, `updated_by`, `deleted_at`, `is_del`) VALUES (11, 'sunt', 0, 4294967295, 'Wilfrid Stamm', 0, '', 0, 0);
INSERT INTO `blog_tag` (`id`, `name`, `state`, `created_at`, `created_by`, `updated_at`, `updated_by`, `deleted_at`, `is_del`) VALUES (12, 'dolorum', 0, 2908657020, 'Helena Rolfson', 0, '', 0, 0);
INSERT INTO `blog_tag` (`id`, `name`, `state`, `created_at`, `created_by`, `updated_at`, `updated_by`, `deleted_at`, `is_del`) VALUES (13, 'dolor', 1, 4294967295, 'Janice Wolf', 0, '', 0, 0);
INSERT INTO `blog_tag` (`id`, `name`, `state`, `created_at`, `created_by`, `updated_at`, `updated_by`, `deleted_at`, `is_del`) VALUES (14, 'quidem', 1, 4294967295, 'Issac Schamberger', 0, '', 0, 0);
INSERT INTO `blog_tag` (`id`, `name`, `state`, `created_at`, `created_by`, `updated_at`, `updated_by`, `deleted_at`, `is_del`) VALUES (15, 'ut', 1, 4046947029, 'Angela Donnelly', 0, '', 0, 0);
INSERT INTO `blog_tag` (`id`, `name`, `state`, `created_at`, `created_by`, `updated_at`, `updated_by`, `deleted_at`, `is_del`) VALUES (16, 'vero', 0, 4294967295, 'Zander Feeney', 0, '', 0, 0);
INSERT INTO `blog_tag` (`id`, `name`, `state`, `created_at`, `created_by`, `updated_at`, `updated_by`, `deleted_at`, `is_del`) VALUES (17, 'explicabo', 0, 4294967295, 'Jaylon Boyer', 0, '', 0, 0);
INSERT INTO `blog_tag` (`id`, `name`, `state`, `created_at`, `created_by`, `updated_at`, `updated_by`, `deleted_at`, `is_del`) VALUES (18, 'suscipit', 1, 4294967295, 'Newton Koch', 0, '', 0, 0);
INSERT INTO `blog_tag` (`id`, `name`, `state`, `created_at`, `created_by`, `updated_at`, `updated_by`, `deleted_at`, `is_del`) VALUES (19, 'laudantium', 1, 4294967295, 'Leon O\'Conner', 0, '', 0, 0);
INSERT INTO `blog_tag` (`id`, `name`, `state`, `created_at`, `created_by`, `updated_at`, `updated_by`, `deleted_at`, `is_del`) VALUES (20, 'eum', 1, 4294967295, 'Carmelo Russel', 0, '', 0, 0);
INSERT INTO `blog_tag` (`id`, `name`, `state`, `created_at`, `created_by`, `updated_at`, `updated_by`, `deleted_at`, `is_del`) VALUES (21, 'sed', 1, 4294967295, 'Lindsay Lebsack', 0, '', 0, 0);
INSERT INTO `blog_tag` (`id`, `name`, `state`, `created_at`, `created_by`, `updated_at`, `updated_by`, `deleted_at`, `is_del`) VALUES (22, 'commodi', 1, 4294967295, 'Mattie Morissette', 0, '', 0, 0);
INSERT INTO `blog_tag` (`id`, `name`, `state`, `created_at`, `created_by`, `updated_at`, `updated_by`, `deleted_at`, `is_del`) VALUES (23, 'porro', 0, 4294967295, 'Mr. Roscoe O\'Kon', 0, '', 0, 0);
INSERT INTO `blog_tag` (`id`, `name`, `state`, `created_at`, `created_by`, `updated_at`, `updated_by`, `deleted_at`, `is_del`) VALUES (24, 'facere', 1, 4294967295, 'Beulah Zulauf', 0, '', 0, 0);
INSERT INTO `blog_tag` (`id`, `name`, `state`, `created_at`, `created_by`, `updated_at`, `updated_by`, `deleted_at`, `is_del`) VALUES (25, 'maxime', 1, 4294967295, 'Prof. Delaney Sipes', 0, '', 0, 0);
INSERT INTO `blog_tag` (`id`, `name`, `state`, `created_at`, `created_by`, `updated_at`, `updated_by`, `deleted_at`, `is_del`) VALUES (26, 'est', 1, 4294967295, 'Kitty Davis II', 0, '', 0, 0);
INSERT INTO `blog_tag` (`id`, `name`, `state`, `created_at`, `created_by`, `updated_at`, `updated_by`, `deleted_at`, `is_del`) VALUES (27, 'non', 1, 4285400286, 'Oren Lowe II', 0, '', 0, 0);
INSERT INTO `blog_tag` (`id`, `name`, `state`, `created_at`, `created_by`, `updated_at`, `updated_by`, `deleted_at`, `is_del`) VALUES (28, 'nisi', 0, 4294967295, 'Kaleb Schmeler', 0, '', 0, 0);
INSERT INTO `blog_tag` (`id`, `name`, `state`, `created_at`, `created_by`, `updated_at`, `updated_by`, `deleted_at`, `is_del`) VALUES (29, 'minus', 0, 464117280, 'Clifton Collins PhD', 0, '', 0, 0);
INSERT INTO `blog_tag` (`id`, `name`, `state`, `created_at`, `created_by`, `updated_at`, `updated_by`, `deleted_at`, `is_del`) VALUES (30, 'dignissimos', 0, 4294967295, 'Terry Pfannerstill', 0, '', 0, 0);
INSERT INTO `blog_tag` (`id`, `name`, `state`, `created_at`, `created_by`, `updated_at`, `updated_by`, `deleted_at`, `is_del`) VALUES (31, 'ut', 0, 4294967295, 'Miss Alysa Anderson', 0, '', 0, 0);
INSERT INTO `blog_tag` (`id`, `name`, `state`, `created_at`, `created_by`, `updated_at`, `updated_by`, `deleted_at`, `is_del`) VALUES (32, 'hic', 0, 4294967295, 'Willy Lebsack', 0, '', 0, 0);
INSERT INTO `blog_tag` (`id`, `name`, `state`, `created_at`, `created_by`, `updated_at`, `updated_by`, `deleted_at`, `is_del`) VALUES (33, 'velit', 0, 4039813708, 'Dr. Mozell Von', 0, '', 0, 0);
INSERT INTO `blog_tag` (`id`, `name`, `state`, `created_at`, `created_by`, `updated_at`, `updated_by`, `deleted_at`, `is_del`) VALUES (34, 'est', 1, 4294967295, 'Prof. Chasity Hegmann DVM', 0, '', 0, 0);
INSERT INTO `blog_tag` (`id`, `name`, `state`, `created_at`, `created_by`, `updated_at`, `updated_by`, `deleted_at`, `is_del`) VALUES (35, 'voluptatem', 0, 4294967295, 'Earlene Bednar', 0, '', 0, 0);
INSERT INTO `blog_tag` (`id`, `name`, `state`, `created_at`, `created_by`, `updated_at`, `updated_by`, `deleted_at`, `is_del`) VALUES (36, 'exercitationem', 0, 4294967295, 'Herminia Streich', 0, '', 0, 0);
INSERT INTO `blog_tag` (`id`, `name`, `state`, `created_at`, `created_by`, `updated_at`, `updated_by`, `deleted_at`, `is_del`) VALUES (37, 'incidunt', 0, 2141655324, 'Dr. Vinnie Altenwerth Jr.', 0, '', 0, 0);
INSERT INTO `blog_tag` (`id`, `name`, `state`, `created_at`, `created_by`, `updated_at`, `updated_by`, `deleted_at`, `is_del`) VALUES (38, 'in', 0, 1017498173, 'Carmela Kertzmann', 0, '', 0, 0);
INSERT INTO `blog_tag` (`id`, `name`, `state`, `created_at`, `created_by`, `updated_at`, `updated_by`, `deleted_at`, `is_del`) VALUES (39, 'voluptatem', 1, 4294967295, 'Flossie Farrell', 0, '', 0, 0);
INSERT INTO `blog_tag` (`id`, `name`, `state`, `created_at`, `created_by`, `updated_at`, `updated_by`, `deleted_at`, `is_del`) VALUES (40, 'sunt', 0, 4294967295, 'Effie Casper', 0, '', 0, 0);
INSERT INTO `blog_tag` (`id`, `name`, `state`, `created_at`, `created_by`, `updated_at`, `updated_by`, `deleted_at`, `is_del`) VALUES (41, 'delectus', 0, 4294967295, 'Ms. Etha Thiel II', 0, '', 0, 0);
INSERT INTO `blog_tag` (`id`, `name`, `state`, `created_at`, `created_by`, `updated_at`, `updated_by`, `deleted_at`, `is_del`) VALUES (42, 'impedit', 0, 4294967295, 'Dortha Koss', 0, '', 0, 0);
INSERT INTO `blog_tag` (`id`, `name`, `state`, `created_at`, `created_by`, `updated_at`, `updated_by`, `deleted_at`, `is_del`) VALUES (43, 'sed', 1, 4294967295, 'Prof. Gertrude Kassulke', 0, '', 0, 0);
INSERT INTO `blog_tag` (`id`, `name`, `state`, `created_at`, `created_by`, `updated_at`, `updated_by`, `deleted_at`, `is_del`) VALUES (44, 'et', 1, 695621715, 'Cornelius Schmidt', 0, '', 0, 0);
INSERT INTO `blog_tag` (`id`, `name`, `state`, `created_at`, `created_by`, `updated_at`, `updated_by`, `deleted_at`, `is_del`) VALUES (45, 'laboriosam', 0, 3152752676, 'Lorena Corkery', 0, '', 0, 0);
INSERT INTO `blog_tag` (`id`, `name`, `state`, `created_at`, `created_by`, `updated_at`, `updated_by`, `deleted_at`, `is_del`) VALUES (46, 'dolores', 1, 1980660520, 'Heloise Beier DDS', 0, '', 0, 0);
INSERT INTO `blog_tag` (`id`, `name`, `state`, `created_at`, `created_by`, `updated_at`, `updated_by`, `deleted_at`, `is_del`) VALUES (47, 'esse', 0, 1227335236, 'Miss Jennyfer Beatty DDS', 0, '', 0, 0);
INSERT INTO `blog_tag` (`id`, `name`, `state`, `created_at`, `created_by`, `updated_at`, `updated_by`, `deleted_at`, `is_del`) VALUES (48, 'et', 0, 4294967295, 'Rogers Prosacco Sr.', 0, '', 0, 0);
INSERT INTO `blog_tag` (`id`, `name`, `state`, `created_at`, `created_by`, `updated_at`, `updated_by`, `deleted_at`, `is_del`) VALUES (49, 'sint', 0, 3325406941, 'Leone Toy', 0, '', 0, 0);
INSERT INTO `blog_tag` (`id`, `name`, `state`, `created_at`, `created_by`, `updated_at`, `updated_by`, `deleted_at`, `is_del`) VALUES (50, 'enim', 0, 4294967295, 'Mina Davis', 0, '', 0, 0);
INSERT INTO `blog_tag` (`id`, `name`, `state`, `created_at`, `created_by`, `updated_at`, `updated_by`, `deleted_at`, `is_del`) VALUES (51, 'neque', 1, 3085426450, 'Elizabeth Waelchi II', 0, '', 0, 0);
INSERT INTO `blog_tag` (`id`, `name`, `state`, `created_at`, `created_by`, `updated_at`, `updated_by`, `deleted_at`, `is_del`) VALUES (52, 'cum', 0, 627433531, 'Oliver Feil', 0, '', 0, 0);
INSERT INTO `blog_tag` (`id`, `name`, `state`, `created_at`, `created_by`, `updated_at`, `updated_by`, `deleted_at`, `is_del`) VALUES (53, 'sapiente', 1, 4058757126, 'Mr. Lorenz Roob', 0, '', 0, 0);
INSERT INTO `blog_tag` (`id`, `name`, `state`, `created_at`, `created_by`, `updated_at`, `updated_by`, `deleted_at`, `is_del`) VALUES (54, 'quasi', 0, 3579609906, 'Hazle Hyatt', 0, '', 0, 0);
INSERT INTO `blog_tag` (`id`, `name`, `state`, `created_at`, `created_by`, `updated_at`, `updated_by`, `deleted_at`, `is_del`) VALUES (55, 'non', 0, 4294967295, 'Timothy Crooks MD', 0, '', 0, 0);
INSERT INTO `blog_tag` (`id`, `name`, `state`, `created_at`, `created_by`, `updated_at`, `updated_by`, `deleted_at`, `is_del`) VALUES (56, 'incidunt', 0, 4294967295, 'Mr. Dejuan Leuschke', 0, '', 0, 0);
INSERT INTO `blog_tag` (`id`, `name`, `state`, `created_at`, `created_by`, `updated_at`, `updated_by`, `deleted_at`, `is_del`) VALUES (57, 'labore', 0, 4294967295, 'Dr. Aglae Runolfsson V', 0, '', 0, 0);
INSERT INTO `blog_tag` (`id`, `name`, `state`, `created_at`, `created_by`, `updated_at`, `updated_by`, `deleted_at`, `is_del`) VALUES (58, 'doloremque', 0, 4294967295, 'Merlin McGlynn', 0, '', 0, 0);
INSERT INTO `blog_tag` (`id`, `name`, `state`, `created_at`, `created_by`, `updated_at`, `updated_by`, `deleted_at`, `is_del`) VALUES (59, 'molestiae', 0, 4294967295, 'Dr. Angus Bernier', 0, '', 0, 0);
INSERT INTO `blog_tag` (`id`, `name`, `state`, `created_at`, `created_by`, `updated_at`, `updated_by`, `deleted_at`, `is_del`) VALUES (60, 'rem', 1, 4294967295, 'Prof. Gaylord Brown V', 0, '', 0, 0);
INSERT INTO `blog_tag` (`id`, `name`, `state`, `created_at`, `created_by`, `updated_at`, `updated_by`, `deleted_at`, `is_del`) VALUES (61, 'reprehenderit', 1, 1727463803, 'Eliezer O\'Conner', 0, '', 0, 0);
INSERT INTO `blog_tag` (`id`, `name`, `state`, `created_at`, `created_by`, `updated_at`, `updated_by`, `deleted_at`, `is_del`) VALUES (62, 'deleniti', 0, 4294967295, 'Savannah Hermiston', 0, '', 0, 0);
INSERT INTO `blog_tag` (`id`, `name`, `state`, `created_at`, `created_by`, `updated_at`, `updated_by`, `deleted_at`, `is_del`) VALUES (63, 'totam', 0, 4294967295, 'Brandy Goldner', 0, '', 0, 0);
INSERT INTO `blog_tag` (`id`, `name`, `state`, `created_at`, `created_by`, `updated_at`, `updated_by`, `deleted_at`, `is_del`) VALUES (64, 'corporis', 1, 1070505548, 'Kayli Ondricka MD', 0, '', 0, 0);
INSERT INTO `blog_tag` (`id`, `name`, `state`, `created_at`, `created_by`, `updated_at`, `updated_by`, `deleted_at`, `is_del`) VALUES (65, 'minima', 0, 554026155, 'Roger Kuhn', 0, '', 0, 0);
INSERT INTO `blog_tag` (`id`, `name`, `state`, `created_at`, `created_by`, `updated_at`, `updated_by`, `deleted_at`, `is_del`) VALUES (66, 'beatae', 0, 4294967295, 'Donnie Hodkiewicz', 0, '', 0, 0);
INSERT INTO `blog_tag` (`id`, `name`, `state`, `created_at`, `created_by`, `updated_at`, `updated_by`, `deleted_at`, `is_del`) VALUES (67, 'numquam', 0, 4294967295, 'Kiley Ziemann', 0, '', 0, 0);
INSERT INTO `blog_tag` (`id`, `name`, `state`, `created_at`, `created_by`, `updated_at`, `updated_by`, `deleted_at`, `is_del`) VALUES (68, 'eveniet', 1, 4294967295, 'Prof. Kurt Nienow', 0, '', 0, 0);
INSERT INTO `blog_tag` (`id`, `name`, `state`, `created_at`, `created_by`, `updated_at`, `updated_by`, `deleted_at`, `is_del`) VALUES (69, 'est', 1, 4294967295, 'Claudia Jones', 0, '', 0, 0);
INSERT INTO `blog_tag` (`id`, `name`, `state`, `created_at`, `created_by`, `updated_at`, `updated_by`, `deleted_at`, `is_del`) VALUES (70, 'voluptate', 1, 4294967295, 'Abigail Rogahn', 0, '', 0, 0);
INSERT INTO `blog_tag` (`id`, `name`, `state`, `created_at`, `created_by`, `updated_at`, `updated_by`, `deleted_at`, `is_del`) VALUES (71, 'nulla', 1, 4294967295, 'Mikayla Robel', 0, '', 0, 0);
INSERT INTO `blog_tag` (`id`, `name`, `state`, `created_at`, `created_by`, `updated_at`, `updated_by`, `deleted_at`, `is_del`) VALUES (72, 'molestiae', 1, 4294967295, 'Judah Hackett DDS', 0, '', 0, 0);
INSERT INTO `blog_tag` (`id`, `name`, `state`, `created_at`, `created_by`, `updated_at`, `updated_by`, `deleted_at`, `is_del`) VALUES (73, 'dolore', 1, 2206922015, 'Webster Mayer', 0, '', 0, 0);
INSERT INTO `blog_tag` (`id`, `name`, `state`, `created_at`, `created_by`, `updated_at`, `updated_by`, `deleted_at`, `is_del`) VALUES (74, 'id', 0, 4294967295, 'Mossie Hauck', 0, '', 0, 0);
INSERT INTO `blog_tag` (`id`, `name`, `state`, `created_at`, `created_by`, `updated_at`, `updated_by`, `deleted_at`, `is_del`) VALUES (75, 'distinctio', 1, 3776806364, 'Susanna Johns IV', 0, '', 0, 0);
INSERT INTO `blog_tag` (`id`, `name`, `state`, `created_at`, `created_by`, `updated_at`, `updated_by`, `deleted_at`, `is_del`) VALUES (76, 'atque', 1, 4294967295, 'Mr. Percy Gerlach III', 0, '', 0, 0);
INSERT INTO `blog_tag` (`id`, `name`, `state`, `created_at`, `created_by`, `updated_at`, `updated_by`, `deleted_at`, `is_del`) VALUES (77, 'error', 0, 4294967295, 'Tyrel Schuster', 0, '', 0, 0);
INSERT INTO `blog_tag` (`id`, `name`, `state`, `created_at`, `created_by`, `updated_at`, `updated_by`, `deleted_at`, `is_del`) VALUES (78, 'iusto', 0, 18819314, 'Valerie Wiza', 0, '', 0, 0);
INSERT INTO `blog_tag` (`id`, `name`, `state`, `created_at`, `created_by`, `updated_at`, `updated_by`, `deleted_at`, `is_del`) VALUES (79, 'cum', 0, 4294967295, 'Leo Corwin', 0, '', 0, 0);
INSERT INTO `blog_tag` (`id`, `name`, `state`, `created_at`, `created_by`, `updated_at`, `updated_by`, `deleted_at`, `is_del`) VALUES (80, 'ea', 0, 4294967295, 'Omari Deckow', 0, '', 0, 0);
INSERT INTO `blog_tag` (`id`, `name`, `state`, `created_at`, `created_by`, `updated_at`, `updated_by`, `deleted_at`, `is_del`) VALUES (81, 'voluptates', 0, 1871249964, 'Prof. Norwood Mraz I', 0, '', 0, 0);
INSERT INTO `blog_tag` (`id`, `name`, `state`, `created_at`, `created_by`, `updated_at`, `updated_by`, `deleted_at`, `is_del`) VALUES (82, 'sit', 1, 4294967295, 'Miss Albertha Collins Jr.', 0, '', 0, 0);
INSERT INTO `blog_tag` (`id`, `name`, `state`, `created_at`, `created_by`, `updated_at`, `updated_by`, `deleted_at`, `is_del`) VALUES (83, 'ea', 1, 4294967295, 'Noe Bartell', 0, '', 0, 0);
INSERT INTO `blog_tag` (`id`, `name`, `state`, `created_at`, `created_by`, `updated_at`, `updated_by`, `deleted_at`, `is_del`) VALUES (84, 'libero', 0, 444087432, 'Harry Mraz', 0, '', 0, 0);
INSERT INTO `blog_tag` (`id`, `name`, `state`, `created_at`, `created_by`, `updated_at`, `updated_by`, `deleted_at`, `is_del`) VALUES (85, 'rerum', 0, 737626273, 'Samson Hills', 0, '', 0, 0);
INSERT INTO `blog_tag` (`id`, `name`, `state`, `created_at`, `created_by`, `updated_at`, `updated_by`, `deleted_at`, `is_del`) VALUES (86, 'debitis', 1, 935927410, 'Marjolaine Daugherty Sr.', 0, '', 0, 0);
INSERT INTO `blog_tag` (`id`, `name`, `state`, `created_at`, `created_by`, `updated_at`, `updated_by`, `deleted_at`, `is_del`) VALUES (87, 'consequatur', 1, 2055070330, 'Oral Rodriguez', 0, '', 0, 0);
INSERT INTO `blog_tag` (`id`, `name`, `state`, `created_at`, `created_by`, `updated_at`, `updated_by`, `deleted_at`, `is_del`) VALUES (88, 'reprehenderit', 0, 4294967295, 'Sammy Beier', 0, '', 0, 0);
INSERT INTO `blog_tag` (`id`, `name`, `state`, `created_at`, `created_by`, `updated_at`, `updated_by`, `deleted_at`, `is_del`) VALUES (89, 'vel', 1, 2147507518, 'Rosemarie Gutkowski PhD', 0, '', 0, 0);
INSERT INTO `blog_tag` (`id`, `name`, `state`, `created_at`, `created_by`, `updated_at`, `updated_by`, `deleted_at`, `is_del`) VALUES (90, 'nihil', 0, 1289501409, 'Kaela Fadel', 0, '', 0, 0);
INSERT INTO `blog_tag` (`id`, `name`, `state`, `created_at`, `created_by`, `updated_at`, `updated_by`, `deleted_at`, `is_del`) VALUES (91, 'exercitationem', 0, 4294967295, 'Mrs. Belle Lebsack II', 0, '', 0, 0);
INSERT INTO `blog_tag` (`id`, `name`, `state`, `created_at`, `created_by`, `updated_at`, `updated_by`, `deleted_at`, `is_del`) VALUES (92, 'qui', 1, 3298902367, 'Alvena Graham', 0, '', 0, 0);
INSERT INTO `blog_tag` (`id`, `name`, `state`, `created_at`, `created_by`, `updated_at`, `updated_by`, `deleted_at`, `is_del`) VALUES (93, 'magni', 1, 101987957, 'Mr. Maximo Schamberger V', 0, '', 0, 0);
INSERT INTO `blog_tag` (`id`, `name`, `state`, `created_at`, `created_by`, `updated_at`, `updated_by`, `deleted_at`, `is_del`) VALUES (94, 'maiores', 1, 4294967295, 'Prof. Diamond Leannon Jr.', 0, '', 0, 0);
INSERT INTO `blog_tag` (`id`, `name`, `state`, `created_at`, `created_by`, `updated_at`, `updated_by`, `deleted_at`, `is_del`) VALUES (95, 'a', 1, 4294967295, 'Dr. Mina Botsford', 0, '', 0, 0);
INSERT INTO `blog_tag` (`id`, `name`, `state`, `created_at`, `created_by`, `updated_at`, `updated_by`, `deleted_at`, `is_del`) VALUES (96, 'et', 1, 4294967295, 'Christop Kris I', 0, '', 0, 0);
INSERT INTO `blog_tag` (`id`, `name`, `state`, `created_at`, `created_by`, `updated_at`, `updated_by`, `deleted_at`, `is_del`) VALUES (97, 'animi', 0, 4294967295, 'Caesar Cormier', 0, '', 0, 0);
INSERT INTO `blog_tag` (`id`, `name`, `state`, `created_at`, `created_by`, `updated_at`, `updated_by`, `deleted_at`, `is_del`) VALUES (98, 'possimus', 0, 4294967295, 'Kacie Considine DVM', 0, '', 0, 0);
INSERT INTO `blog_tag` (`id`, `name`, `state`, `created_at`, `created_by`, `updated_at`, `updated_by`, `deleted_at`, `is_del`) VALUES (99, 'voluptas', 0, 766878258, 'Miss Zena McKenzie', 0, '', 0, 0);
INSERT INTO `blog_tag` (`id`, `name`, `state`, `created_at`, `created_by`, `updated_at`, `updated_by`, `deleted_at`, `is_del`) VALUES (100, 'ea', 1, 4294967295, 'Aditya Runolfsdottir', 0, '', 0, 0);

INSERT INTO `blog_article_tag` (`id`, `article_id`, `tag_id`, `created_at`, `created_by`, `updated_at`, `updated_by`, `deleted_at`, `is_del`) VALUES (201, 56, 32, 1887048529, 'Molly Conroy DVM', 0, '', 0, 0);
INSERT INTO `blog_article_tag` (`id`, `article_id`, `tag_id`, `created_at`, `created_by`, `updated_at`, `updated_by`, `deleted_at`, `is_del`) VALUES (202, 37, 79, 4294967295, 'Meta Kuhn', 0, '', 0, 0);
INSERT INTO `blog_article_tag` (`id`, `article_id`, `tag_id`, `created_at`, `created_by`, `updated_at`, `updated_by`, `deleted_at`, `is_del`) VALUES (203, 17, 73, 2047921270, 'Octavia Ward', 0, '', 0, 0);
INSERT INTO `blog_article_tag` (`id`, `article_id`, `tag_id`, `created_at`, `created_by`, `updated_at`, `updated_by`, `deleted_at`, `is_del`) VALUES (204, 26, 88, 4294967295, 'Jillian Padberg', 0, '', 0, 0);
INSERT INTO `blog_article_tag` (`id`, `article_id`, `tag_id`, `created_at`, `created_by`, `updated_at`, `updated_by`, `deleted_at`, `is_del`) VALUES (205, 64, 59, 2867592666, 'Deonte Ortiz', 0, '', 0, 0);
INSERT INTO `blog_article_tag` (`id`, `article_id`, `tag_id`, `created_at`, `created_by`, `updated_at`, `updated_by`, `deleted_at`, `is_del`) VALUES (206, 84, 26, 2778586251, 'Prof. Adrain Lockman DVM', 0, '', 0, 0);
INSERT INTO `blog_article_tag` (`id`, `article_id`, `tag_id`, `created_at`, `created_by`, `updated_at`, `updated_by`, `deleted_at`, `is_del`) VALUES (207, 58, 48, 1225766474, 'Dr. Javonte Raynor V', 0, '', 0, 0);
INSERT INTO `blog_article_tag` (`id`, `article_id`, `tag_id`, `created_at`, `created_by`, `updated_at`, `updated_by`, `deleted_at`, `is_del`) VALUES (208, 38, 1, 4294967295, 'Cleora Botsford', 0, '', 0, 0);
INSERT INTO `blog_article_tag` (`id`, `article_id`, `tag_id`, `created_at`, `created_by`, `updated_at`, `updated_by`, `deleted_at`, `is_del`) VALUES (209, 57, 19, 3145531704, 'Earnestine Cronin', 0, '', 0, 0);
INSERT INTO `blog_article_tag` (`id`, `article_id`, `tag_id`, `created_at`, `created_by`, `updated_at`, `updated_by`, `deleted_at`, `is_del`) VALUES (210, 19, 29, 4294967295, 'Kraig Ledner', 0, '', 0, 0);
INSERT INTO `blog_article_tag` (`id`, `article_id`, `tag_id`, `created_at`, `created_by`, `updated_at`, `updated_by`, `deleted_at`, `is_del`) VALUES (211, 64, 2, 356723903, 'Serenity Mayert', 0, '', 0, 0);
INSERT INTO `blog_article_tag` (`id`, `article_id`, `tag_id`, `created_at`, `created_by`, `updated_at`, `updated_by`, `deleted_at`, `is_del`) VALUES (212, 40, 11, 4294967295, 'Mr. Dedric Dickinson IV', 0, '', 0, 0);
INSERT INTO `blog_article_tag` (`id`, `article_id`, `tag_id`, `created_at`, `created_by`, `updated_at`, `updated_by`, `deleted_at`, `is_del`) VALUES (213, 60, 38, 4294967295, 'Nikolas Dickinson', 0, '', 0, 0);
INSERT INTO `blog_article_tag` (`id`, `article_id`, `tag_id`, `created_at`, `created_by`, `updated_at`, `updated_by`, `deleted_at`, `is_del`) VALUES (214, 85, 61, 4294967295, 'Brendan Stehr', 0, '', 0, 0);
INSERT INTO `blog_article_tag` (`id`, `article_id`, `tag_id`, `created_at`, `created_by`, `updated_at`, `updated_by`, `deleted_at`, `is_del`) VALUES (215, 17, 9, 4294967295, 'Mauricio Rohan DVM', 0, '', 0, 0);
INSERT INTO `blog_article_tag` (`id`, `article_id`, `tag_id`, `created_at`, `created_by`, `updated_at`, `updated_by`, `deleted_at`, `is_del`) VALUES (216, 14, 72, 4294967295, 'Mr. Wiley Blick', 0, '', 0, 0);
INSERT INTO `blog_article_tag` (`id`, `article_id`, `tag_id`, `created_at`, `created_by`, `updated_at`, `updated_by`, `deleted_at`, `is_del`) VALUES (217, 40, 51, 4294967295, 'Torrey Douglas', 0, '', 0, 0);
INSERT INTO `blog_article_tag` (`id`, `article_id`, `tag_id`, `created_at`, `created_by`, `updated_at`, `updated_by`, `deleted_at`, `is_del`) VALUES (218, 51, 57, 515929218, 'Ms. Ebba Farrell DVM', 0, '', 0, 0);
INSERT INTO `blog_article_tag` (`id`, `article_id`, `tag_id`, `created_at`, `created_by`, `updated_at`, `updated_by`, `deleted_at`, `is_del`) VALUES (219, 23, 76, 303232115, 'Prof. Jerrod Batz', 0, '', 0, 0);
INSERT INTO `blog_article_tag` (`id`, `article_id`, `tag_id`, `created_at`, `created_by`, `updated_at`, `updated_by`, `deleted_at`, `is_del`) VALUES (220, 45, 86, 1595498002, 'Darlene Luettgen', 0, '', 0, 0);
INSERT INTO `blog_article_tag` (`id`, `article_id`, `tag_id`, `created_at`, `created_by`, `updated_at`, `updated_by`, `deleted_at`, `is_del`) VALUES (221, 35, 28, 3327159006, 'Emmet Thompson', 0, '', 0, 0);
INSERT INTO `blog_article_tag` (`id`, `article_id`, `tag_id`, `created_at`, `created_by`, `updated_at`, `updated_by`, `deleted_at`, `is_del`) VALUES (222, 12, 92, 4294967295, 'Arielle Jerde Sr.', 0, '', 0, 0);
INSERT INTO `blog_article_tag` (`id`, `article_id`, `tag_id`, `created_at`, `created_by`, `updated_at`, `updated_by`, `deleted_at`, `is_del`) VALUES (223, 75, 50, 1072418428, 'Coy Swift', 0, '', 0, 0);
INSERT INTO `blog_article_tag` (`id`, `article_id`, `tag_id`, `created_at`, `created_by`, `updated_at`, `updated_by`, `deleted_at`, `is_del`) VALUES (224, 92, 32, 3549077329, 'Wilford Dickens', 0, '', 0, 0);
INSERT INTO `blog_article_tag` (`id`, `article_id`, `tag_id`, `created_at`, `created_by`, `updated_at`, `updated_by`, `deleted_at`, `is_del`) VALUES (225, 68, 11, 2609415622, 'Kianna VonRueden', 0, '', 0, 0);
INSERT INTO `blog_article_tag` (`id`, `article_id`, `tag_id`, `created_at`, `created_by`, `updated_at`, `updated_by`, `deleted_at`, `is_del`) VALUES (226, 60, 32, 4294967295, 'Prof. Name Bauch II', 0, '', 0, 0);
INSERT INTO `blog_article_tag` (`id`, `article_id`, `tag_id`, `created_at`, `created_by`, `updated_at`, `updated_by`, `deleted_at`, `is_del`) VALUES (227, 13, 99, 2361081568, 'Wellington Predovic', 0, '', 0, 0);
INSERT INTO `blog_article_tag` (`id`, `article_id`, `tag_id`, `created_at`, `created_by`, `updated_at`, `updated_by`, `deleted_at`, `is_del`) VALUES (228, 43, 72, 708802081, 'Ottilie Carter MD', 0, '', 0, 0);
INSERT INTO `blog_article_tag` (`id`, `article_id`, `tag_id`, `created_at`, `created_by`, `updated_at`, `updated_by`, `deleted_at`, `is_del`) VALUES (229, 36, 27, 4294967295, 'Chadd Effertz', 0, '', 0, 0);
INSERT INTO `blog_article_tag` (`id`, `article_id`, `tag_id`, `created_at`, `created_by`, `updated_at`, `updated_by`, `deleted_at`, `is_del`) VALUES (230, 33, 53, 4294967295, 'Veda Breitenberg PhD', 0, '', 0, 0);
INSERT INTO `blog_article_tag` (`id`, `article_id`, `tag_id`, `created_at`, `created_by`, `updated_at`, `updated_by`, `deleted_at`, `is_del`) VALUES (231, 35, 46, 2046882547, 'Mr. Clay Von', 0, '', 0, 0);
INSERT INTO `blog_article_tag` (`id`, `article_id`, `tag_id`, `created_at`, `created_by`, `updated_at`, `updated_by`, `deleted_at`, `is_del`) VALUES (232, 25, 75, 2875411524, 'Dayton Moore', 0, '', 0, 0);
INSERT INTO `blog_article_tag` (`id`, `article_id`, `tag_id`, `created_at`, `created_by`, `updated_at`, `updated_by`, `deleted_at`, `is_del`) VALUES (233, 96, 75, 4294967295, 'Prof. Hermina McCullough', 0, '', 0, 0);
INSERT INTO `blog_article_tag` (`id`, `article_id`, `tag_id`, `created_at`, `created_by`, `updated_at`, `updated_by`, `deleted_at`, `is_del`) VALUES (234, 31, 19, 2783597684, 'Austen D\'Amore', 0, '', 0, 0);
INSERT INTO `blog_article_tag` (`id`, `article_id`, `tag_id`, `created_at`, `created_by`, `updated_at`, `updated_by`, `deleted_at`, `is_del`) VALUES (235, 51, 76, 4294967295, 'Heloise Bergstrom I', 0, '', 0, 0);
INSERT INTO `blog_article_tag` (`id`, `article_id`, `tag_id`, `created_at`, `created_by`, `updated_at`, `updated_by`, `deleted_at`, `is_del`) VALUES (236, 5, 85, 4294967295, 'Celia Douglas', 0, '', 0, 0);
INSERT INTO `blog_article_tag` (`id`, `article_id`, `tag_id`, `created_at`, `created_by`, `updated_at`, `updated_by`, `deleted_at`, `is_del`) VALUES (237, 3, 17, 4294967295, 'Libbie Sanford', 0, '', 0, 0);
INSERT INTO `blog_article_tag` (`id`, `article_id`, `tag_id`, `created_at`, `created_by`, `updated_at`, `updated_by`, `deleted_at`, `is_del`) VALUES (238, 77, 78, 4294967295, 'Mr. Vance Kerluke II', 0, '', 0, 0);
INSERT INTO `blog_article_tag` (`id`, `article_id`, `tag_id`, `created_at`, `created_by`, `updated_at`, `updated_by`, `deleted_at`, `is_del`) VALUES (239, 66, 69, 2397922161, 'Dr. Thurman Kunde', 0, '', 0, 0);
INSERT INTO `blog_article_tag` (`id`, `article_id`, `tag_id`, `created_at`, `created_by`, `updated_at`, `updated_by`, `deleted_at`, `is_del`) VALUES (240, 9, 34, 4294967295, 'Silas Medhurst', 0, '', 0, 0);
INSERT INTO `blog_article_tag` (`id`, `article_id`, `tag_id`, `created_at`, `created_by`, `updated_at`, `updated_by`, `deleted_at`, `is_del`) VALUES (241, 79, 68, 4294967295, 'Aliyah Dare Jr.', 0, '', 0, 0);
INSERT INTO `blog_article_tag` (`id`, `article_id`, `tag_id`, `created_at`, `created_by`, `updated_at`, `updated_by`, `deleted_at`, `is_del`) VALUES (242, 65, 92, 4294967295, 'Andres Abernathy', 0, '', 0, 0);
INSERT INTO `blog_article_tag` (`id`, `article_id`, `tag_id`, `created_at`, `created_by`, `updated_at`, `updated_by`, `deleted_at`, `is_del`) VALUES (243, 67, 7, 3528386112, 'Mr. Kyleigh Ledner', 0, '', 0, 0);
INSERT INTO `blog_article_tag` (`id`, `article_id`, `tag_id`, `created_at`, `created_by`, `updated_at`, `updated_by`, `deleted_at`, `is_del`) VALUES (244, 63, 3, 2980591556, 'Joan Funk III', 0, '', 0, 0);
INSERT INTO `blog_article_tag` (`id`, `article_id`, `tag_id`, `created_at`, `created_by`, `updated_at`, `updated_by`, `deleted_at`, `is_del`) VALUES (245, 34, 95, 4294967295, 'Thora Prosacco V', 0, '', 0, 0);
INSERT INTO `blog_article_tag` (`id`, `article_id`, `tag_id`, `created_at`, `created_by`, `updated_at`, `updated_by`, `deleted_at`, `is_del`) VALUES (246, 55, 69, 4294967295, 'Colt Mante', 0, '', 0, 0);
INSERT INTO `blog_article_tag` (`id`, `article_id`, `tag_id`, `created_at`, `created_by`, `updated_at`, `updated_by`, `deleted_at`, `is_del`) VALUES (247, 41, 79, 2201381358, 'Prof. Chaim Reinger II', 0, '', 0, 0);
INSERT INTO `blog_article_tag` (`id`, `article_id`, `tag_id`, `created_at`, `created_by`, `updated_at`, `updated_by`, `deleted_at`, `is_del`) VALUES (248, 43, 36, 2415055087, 'Mr. Sebastian Kovacek', 0, '', 0, 0);
INSERT INTO `blog_article_tag` (`id`, `article_id`, `tag_id`, `created_at`, `created_by`, `updated_at`, `updated_by`, `deleted_at`, `is_del`) VALUES (249, 54, 74, 4294967295, 'Rolando Collins', 0, '', 0, 0);
INSERT INTO `blog_article_tag` (`id`, `article_id`, `tag_id`, `created_at`, `created_by`, `updated_at`, `updated_by`, `deleted_at`, `is_del`) VALUES (250, 55, 4, 4294967295, 'Greyson Zieme', 0, '', 0, 0);
INSERT INTO `blog_article_tag` (`id`, `article_id`, `tag_id`, `created_at`, `created_by`, `updated_at`, `updated_by`, `deleted_at`, `is_del`) VALUES (251, 49, 59, 964549719, 'Cara Toy DVM', 0, '', 0, 0);
INSERT INTO `blog_article_tag` (`id`, `article_id`, `tag_id`, `created_at`, `created_by`, `updated_at`, `updated_by`, `deleted_at`, `is_del`) VALUES (252, 89, 52, 3691404792, 'Javier Cremin', 0, '', 0, 0);
INSERT INTO `blog_article_tag` (`id`, `article_id`, `tag_id`, `created_at`, `created_by`, `updated_at`, `updated_by`, `deleted_at`, `is_del`) VALUES (253, 75, 65, 4294967295, 'Sylvester Prosacco', 0, '', 0, 0);
INSERT INTO `blog_article_tag` (`id`, `article_id`, `tag_id`, `created_at`, `created_by`, `updated_at`, `updated_by`, `deleted_at`, `is_del`) VALUES (254, 29, 41, 4294967295, 'Mrs. Mabel Mills', 0, '', 0, 0);
INSERT INTO `blog_article_tag` (`id`, `article_id`, `tag_id`, `created_at`, `created_by`, `updated_at`, `updated_by`, `deleted_at`, `is_del`) VALUES (255, 33, 37, 4294967295, 'Wellington Daugherty', 0, '', 0, 0);
INSERT INTO `blog_article_tag` (`id`, `article_id`, `tag_id`, `created_at`, `created_by`, `updated_at`, `updated_by`, `deleted_at`, `is_del`) VALUES (256, 74, 12, 2202179222, 'Kaitlin Auer', 0, '', 0, 0);
INSERT INTO `blog_article_tag` (`id`, `article_id`, `tag_id`, `created_at`, `created_by`, `updated_at`, `updated_by`, `deleted_at`, `is_del`) VALUES (257, 4, 38, 1508485432, 'Ms. Adah Douglas Sr.', 0, '', 0, 0);
INSERT INTO `blog_article_tag` (`id`, `article_id`, `tag_id`, `created_at`, `created_by`, `updated_at`, `updated_by`, `deleted_at`, `is_del`) VALUES (258, 3, 70, 2809998756, 'Georgianna Mante', 0, '', 0, 0);
INSERT INTO `blog_article_tag` (`id`, `article_id`, `tag_id`, `created_at`, `created_by`, `updated_at`, `updated_by`, `deleted_at`, `is_del`) VALUES (259, 45, 66, 4294967295, 'Dr. Sylvester Upton', 0, '', 0, 0);
INSERT INTO `blog_article_tag` (`id`, `article_id`, `tag_id`, `created_at`, `created_by`, `updated_at`, `updated_by`, `deleted_at`, `is_del`) VALUES (260, 73, 79, 3805112279, 'Deontae Kirlin', 0, '', 0, 0);
INSERT INTO `blog_article_tag` (`id`, `article_id`, `tag_id`, `created_at`, `created_by`, `updated_at`, `updated_by`, `deleted_at`, `is_del`) VALUES (261, 60, 27, 4294967295, 'Liliane DuBuque', 0, '', 0, 0);
INSERT INTO `blog_article_tag` (`id`, `article_id`, `tag_id`, `created_at`, `created_by`, `updated_at`, `updated_by`, `deleted_at`, `is_del`) VALUES (262, 47, 1, 4294967295, 'Serenity Wunsch', 0, '', 0, 0);
INSERT INTO `blog_article_tag` (`id`, `article_id`, `tag_id`, `created_at`, `created_by`, `updated_at`, `updated_by`, `deleted_at`, `is_del`) VALUES (263, 6, 89, 4294967295, 'Prof. Keyon Krajcik', 0, '', 0, 0);
INSERT INTO `blog_article_tag` (`id`, `article_id`, `tag_id`, `created_at`, `created_by`, `updated_at`, `updated_by`, `deleted_at`, `is_del`) VALUES (264, 36, 59, 4294967295, 'Nathanael Haley', 0, '', 0, 0);
INSERT INTO `blog_article_tag` (`id`, `article_id`, `tag_id`, `created_at`, `created_by`, `updated_at`, `updated_by`, `deleted_at`, `is_del`) VALUES (265, 63, 91, 2211377918, 'Mr. Paolo White', 0, '', 0, 0);
INSERT INTO `blog_article_tag` (`id`, `article_id`, `tag_id`, `created_at`, `created_by`, `updated_at`, `updated_by`, `deleted_at`, `is_del`) VALUES (266, 62, 11, 4294967295, 'Jeramy Daniel', 0, '', 0, 0);
INSERT INTO `blog_article_tag` (`id`, `article_id`, `tag_id`, `created_at`, `created_by`, `updated_at`, `updated_by`, `deleted_at`, `is_del`) VALUES (267, 49, 50, 4294967295, 'Dr. Joshuah Wolf V', 0, '', 0, 0);
INSERT INTO `blog_article_tag` (`id`, `article_id`, `tag_id`, `created_at`, `created_by`, `updated_at`, `updated_by`, `deleted_at`, `is_del`) VALUES (268, 62, 24, 2385952994, 'Jayson McLaughlin II', 0, '', 0, 0);
INSERT INTO `blog_article_tag` (`id`, `article_id`, `tag_id`, `created_at`, `created_by`, `updated_at`, `updated_by`, `deleted_at`, `is_del`) VALUES (269, 15, 90, 3187428452, 'Russel Reichert', 0, '', 0, 0);
INSERT INTO `blog_article_tag` (`id`, `article_id`, `tag_id`, `created_at`, `created_by`, `updated_at`, `updated_by`, `deleted_at`, `is_del`) VALUES (270, 64, 48, 4294967295, 'Dr. Daron McGlynn V', 0, '', 0, 0);
INSERT INTO `blog_article_tag` (`id`, `article_id`, `tag_id`, `created_at`, `created_by`, `updated_at`, `updated_by`, `deleted_at`, `is_del`) VALUES (271, 27, 37, 97056203, 'Ms. Wendy Marks', 0, '', 0, 0);
INSERT INTO `blog_article_tag` (`id`, `article_id`, `tag_id`, `created_at`, `created_by`, `updated_at`, `updated_by`, `deleted_at`, `is_del`) VALUES (272, 60, 30, 4294967295, 'Tyree Kihn', 0, '', 0, 0);
INSERT INTO `blog_article_tag` (`id`, `article_id`, `tag_id`, `created_at`, `created_by`, `updated_at`, `updated_by`, `deleted_at`, `is_del`) VALUES (273, 75, 63, 4294967295, 'Ms. Sonia Wunsch IV', 0, '', 0, 0);
INSERT INTO `blog_article_tag` (`id`, `article_id`, `tag_id`, `created_at`, `created_by`, `updated_at`, `updated_by`, `deleted_at`, `is_del`) VALUES (274, 100, 20, 4294967295, 'Prof. Mariam Greenholt DDS', 0, '', 0, 0);
INSERT INTO `blog_article_tag` (`id`, `article_id`, `tag_id`, `created_at`, `created_by`, `updated_at`, `updated_by`, `deleted_at`, `is_del`) VALUES (275, 28, 73, 4294967295, 'Darlene Dach', 0, '', 0, 0);
INSERT INTO `blog_article_tag` (`id`, `article_id`, `tag_id`, `created_at`, `created_by`, `updated_at`, `updated_by`, `deleted_at`, `is_del`) VALUES (276, 98, 88, 4294967295, 'Elinore Hickle', 0, '', 0, 0);
INSERT INTO `blog_article_tag` (`id`, `article_id`, `tag_id`, `created_at`, `created_by`, `updated_at`, `updated_by`, `deleted_at`, `is_del`) VALUES (277, 99, 44, 1929527507, 'Elizabeth Weber', 0, '', 0, 0);
INSERT INTO `blog_article_tag` (`id`, `article_id`, `tag_id`, `created_at`, `created_by`, `updated_at`, `updated_by`, `deleted_at`, `is_del`) VALUES (278, 88, 5, 4294967295, 'Lawson White II', 0, '', 0, 0);
INSERT INTO `blog_article_tag` (`id`, `article_id`, `tag_id`, `created_at`, `created_by`, `updated_at`, `updated_by`, `deleted_at`, `is_del`) VALUES (279, 33, 24, 4294967295, 'Madge Beatty', 0, '', 0, 0);
INSERT INTO `blog_article_tag` (`id`, `article_id`, `tag_id`, `created_at`, `created_by`, `updated_at`, `updated_by`, `deleted_at`, `is_del`) VALUES (280, 63, 95, 1642536437, 'Larue Gerlach', 0, '', 0, 0);
INSERT INTO `blog_article_tag` (`id`, `article_id`, `tag_id`, `created_at`, `created_by`, `updated_at`, `updated_by`, `deleted_at`, `is_del`) VALUES (281, 14, 25, 4294967295, 'Agustin Walker MD', 0, '', 0, 0);
INSERT INTO `blog_article_tag` (`id`, `article_id`, `tag_id`, `created_at`, `created_by`, `updated_at`, `updated_by`, `deleted_at`, `is_del`) VALUES (282, 6, 63, 1972201094, 'Rey Abbott III', 0, '', 0, 0);
INSERT INTO `blog_article_tag` (`id`, `article_id`, `tag_id`, `created_at`, `created_by`, `updated_at`, `updated_by`, `deleted_at`, `is_del`) VALUES (283, 75, 68, 4294967295, 'Prof. Jaclyn Kuhn Jr.', 0, '', 0, 0);
INSERT INTO `blog_article_tag` (`id`, `article_id`, `tag_id`, `created_at`, `created_by`, `updated_at`, `updated_by`, `deleted_at`, `is_del`) VALUES (284, 87, 89, 4294967295, 'Dr. Karl Luettgen PhD', 0, '', 0, 0);
INSERT INTO `blog_article_tag` (`id`, `article_id`, `tag_id`, `created_at`, `created_by`, `updated_at`, `updated_by`, `deleted_at`, `is_del`) VALUES (285, 58, 50, 1278860378, 'Tressie Runte', 0, '', 0, 0);
INSERT INTO `blog_article_tag` (`id`, `article_id`, `tag_id`, `created_at`, `created_by`, `updated_at`, `updated_by`, `deleted_at`, `is_del`) VALUES (286, 36, 84, 982064106, 'Margot Smith', 0, '', 0, 0);
INSERT INTO `blog_article_tag` (`id`, `article_id`, `tag_id`, `created_at`, `created_by`, `updated_at`, `updated_by`, `deleted_at`, `is_del`) VALUES (287, 87, 96, 1820074282, 'Manley Cruickshank', 0, '', 0, 0);
INSERT INTO `blog_article_tag` (`id`, `article_id`, `tag_id`, `created_at`, `created_by`, `updated_at`, `updated_by`, `deleted_at`, `is_del`) VALUES (288, 14, 62, 479579097, 'Elnora Weber', 0, '', 0, 0);
INSERT INTO `blog_article_tag` (`id`, `article_id`, `tag_id`, `created_at`, `created_by`, `updated_at`, `updated_by`, `deleted_at`, `is_del`) VALUES (289, 58, 14, 4294967295, 'Laurianne Kozey', 0, '', 0, 0);
INSERT INTO `blog_article_tag` (`id`, `article_id`, `tag_id`, `created_at`, `created_by`, `updated_at`, `updated_by`, `deleted_at`, `is_del`) VALUES (290, 81, 85, 3180306400, 'Colleen Strosin MD', 0, '', 0, 0);
INSERT INTO `blog_article_tag` (`id`, `article_id`, `tag_id`, `created_at`, `created_by`, `updated_at`, `updated_by`, `deleted_at`, `is_del`) VALUES (291, 86, 78, 4294967295, 'Erin Daugherty', 0, '', 0, 0);
INSERT INTO `blog_article_tag` (`id`, `article_id`, `tag_id`, `created_at`, `created_by`, `updated_at`, `updated_by`, `deleted_at`, `is_del`) VALUES (292, 73, 85, 4115129350, 'Alfredo Blanda', 0, '', 0, 0);
INSERT INTO `blog_article_tag` (`id`, `article_id`, `tag_id`, `created_at`, `created_by`, `updated_at`, `updated_by`, `deleted_at`, `is_del`) VALUES (293, 22, 60, 4294967295, 'Osvaldo Predovic', 0, '', 0, 0);
INSERT INTO `blog_article_tag` (`id`, `article_id`, `tag_id`, `created_at`, `created_by`, `updated_at`, `updated_by`, `deleted_at`, `is_del`) VALUES (294, 89, 54, 4294967295, 'Leta Bosco', 0, '', 0, 0);
INSERT INTO `blog_article_tag` (`id`, `article_id`, `tag_id`, `created_at`, `created_by`, `updated_at`, `updated_by`, `deleted_at`, `is_del`) VALUES (295, 83, 51, 1960885529, 'Mr. Hermann Cruickshank DDS', 0, '', 0, 0);
INSERT INTO `blog_article_tag` (`id`, `article_id`, `tag_id`, `created_at`, `created_by`, `updated_at`, `updated_by`, `deleted_at`, `is_del`) VALUES (296, 49, 97, 4294967295, 'Dr. Nicolette Wisoky', 0, '', 0, 0);
INSERT INTO `blog_article_tag` (`id`, `article_id`, `tag_id`, `created_at`, `created_by`, `updated_at`, `updated_by`, `deleted_at`, `is_del`) VALUES (297, 76, 54, 2735411301, 'Virginia Bradtke IV', 0, '', 0, 0);
INSERT INTO `blog_article_tag` (`id`, `article_id`, `tag_id`, `created_at`, `created_by`, `updated_at`, `updated_by`, `deleted_at`, `is_del`) VALUES (298, 59, 50, 2964433622, 'Ferne Kuvalis', 0, '', 0, 0);
INSERT INTO `blog_article_tag` (`id`, `article_id`, `tag_id`, `created_at`, `created_by`, `updated_at`, `updated_by`, `deleted_at`, `is_del`) VALUES (299, 21, 45, 4294967295, 'Santos Mann', 0, '', 0, 0);
INSERT INTO `blog_article_tag` (`id`, `article_id`, `tag_id`, `created_at`, `created_by`, `updated_at`, `updated_by`, `deleted_at`, `is_del`) VALUES (300, 39, 78, 2645425233, 'Astrid Tremblay', 0, '', 0, 0);
-- 2022-06-17 06:44:57
